protein1,protein2
A0A384TSM3,A0A384SYQ7
A0A384TSM3,A0A384SYR4
A0A384TSM3,A0A384SYS1
A0A384TSM3,A0A384SYS4
A0A384TSM3,A0A384SYW0
A0A384TSM3,A0A384SYX1
A0A384TSM3,A0A384SZB3
A0A384TSM3,A0A384SZC7
A0A384TSM3,A0A384SZD5
A0A384TSM3,A0A384T8W6
A0A384TSM3,A0A384T8Y8
A0A384TSM3,A0A384TAD6
A0A384TSM3,A0A384TAE2
A0A384TSM3,A0A384TAF7
A0A384TSM3,A0A384TAG8
A0A384TSM3,A0A384TNK5
A0A384TSM3,A0A384TNL4
A0A384TSM3,A0A384TNM2
A0A384TSM3,A0A384TNR4
A0A384TSM3,A0A384TQ98
A0A384TSM3,A0A384TQA9
A0A384TSM3,A0A384TQD4
A0A384TSM3,A0A384TSN1
A0A384TSM3,A0A384TSN9
A0A384TSM3,A0A384TSS8
A0A384TSM3,A0A384TUJ0
A0A384TSM3,A0A384TUN2
A0A384TSM3,A0A384SYN5
A0A384TSM3,A0A384SYP7
A0A384TSM3,A0A384SYP9
A0A384TSM3,A0A384SYQ6
A0A384TSM3,A0A384SYQ8
A0A384TSM3,A0A384SYR5
A0A384TSM3,A0A384SYR6
A0A384TSM3,A0A384SYS7
A0A384TSM3,A0A384SYT2
A0A384TSM3,A0A384SYT4
A0A384TSM3,A0A384SYT5
A0A384TSM3,A0A384SYT8
A0A384TSM3,A0A384SYU4
A0A384TSM3,A0A384SYU5
A0A384TSM3,A0A384SYV1
A0A384TSM3,A0A384SYV3
A0A384TSM3,A0A384SYV7
A0A384TSM3,A0A384SZB9
A0A384TSM3,A0A384SZD9
A0A384TSM3,A0A384SZE7
A0A384TSM3,A0A384SZF4
A0A384TSM3,A0A384T8W0
A0A384TSM3,A0A384T8X1
A0A384TSM3,A0A384T8X7
A0A384TSM3,A0A384T8Y2
A0A384TSM3,A0A384T8Z5
A0A384TSM3,A0A384TAC9
A0A384TSM3,A0A384TAF1
A0A384TSM3,A0A384TAG3
A0A384TSM3,A0A384TAH8
A0A384TSM3,A0A384TNN5
A0A384TSM3,A0A384TNP5
A0A384TSM3,A0A384TNQ3
A0A384TSM3,A0A384TNS5
A0A384TSM3,A0A384TQ84
A0A384TSM3,A0A384TQ90
A0A384TSM3,A0A384TQA4
A0A384TSM3,A0A384TQC1
A0A384TSM3,A0A384TQC5
A0A384TSM3,A0A384TSP9
A0A384TSM3,A0A384TSQ6
A0A384TSM3,A0A384TSR3
A0A384TSM3,A0A384TSS3
A0A384TSM3,A0A384TST5
A0A384TSM3,A0A384TUI3
A0A384TSM3,A0A384TUJ6
A0A384TSM3,A0A384TUK1
A0A384TSM3,A0A384TUK6
A0A384TSM3,A0A384TUL3
A0A384TSM3,A0A077HBN1
A0A384TSM3,A0A384SYV0
A0A384TSM3,A0A8K1SYL6
A0A384TSM3,A0A8K1Y357
A0A384TSM3,B0B211
A0A384TSM3,F1LJR5
A0A384SYQ7,A0A384SYR4
A0A384SYQ7,A0A384SYS1
A0A384SYQ7,A0A384SYS4
A0A384SYQ7,A0A384SYW0
A0A384SYQ7,A0A384SYX1
A0A384SYQ7,A0A384SZB3
A0A384SYQ7,A0A384SZC7
A0A384SYQ7,A0A384SZD5
A0A384SYQ7,A0A384T8W6
A0A384SYQ7,A0A384T8Y8
A0A384SYQ7,A0A384TAD6
A0A384SYQ7,A0A384TAE2
A0A384SYQ7,A0A384TAF7
A0A384SYQ7,A0A384TAG8
A0A384SYQ7,A0A384TNK5
A0A384SYQ7,A0A384TNL4
A0A384SYQ7,A0A384TNM2
A0A384SYQ7,A0A384TNR4
A0A384SYQ7,A0A384TQ98
A0A384SYQ7,A0A384TQA9
A0A384SYQ7,A0A384TQD4
A0A384SYQ7,A0A384TSN1
A0A384SYQ7,A0A384TSN9
A0A384SYQ7,A0A384TSS8
A0A384SYQ7,A0A384TUJ0
A0A384SYQ7,A0A384TUN2
A0A384SYQ7,A0A384SYN5
A0A384SYQ7,A0A384SYP7
A0A384SYQ7,A0A384SYP9
A0A384SYQ7,A0A384SYQ6
A0A384SYQ7,A0A384SYQ8
A0A384SYQ7,A0A384SYR5
A0A384SYQ7,A0A384SYR6
A0A384SYQ7,A0A384SYS7
A0A384SYQ7,A0A384SYT2
A0A384SYQ7,A0A384SYT4
A0A384SYQ7,A0A384SYT5
A0A384SYQ7,A0A384SYT8
A0A384SYQ7,A0A384SYU4
A0A384SYQ7,A0A384SYU5
A0A384SYQ7,A0A384SYV1
A0A384SYQ7,A0A384SYV3
A0A384SYQ7,A0A384SYV7
A0A384SYQ7,A0A384SZB9
A0A384SYQ7,A0A384SZD9
A0A384SYQ7,A0A384SZE7
A0A384SYQ7,A0A384SZF4
A0A384SYQ7,A0A384T8W0
A0A384SYQ7,A0A384T8X1
A0A384SYQ7,A0A384T8X7
A0A384SYQ7,A0A384T8Y2
A0A384SYQ7,A0A384T8Z5
A0A384SYQ7,A0A384TAC9
A0A384SYQ7,A0A384TAF1
A0A384SYQ7,A0A384TAG3
A0A384SYQ7,A0A384TAH8
A0A384SYQ7,A0A384TNN5
A0A384SYQ7,A0A384TNP5
A0A384SYQ7,A0A384TNQ3
A0A384SYQ7,A0A384TNS5
A0A384SYQ7,A0A384TQ84
A0A384SYQ7,A0A384TQ90
A0A384SYQ7,A0A384TQA4
A0A384SYQ7,A0A384TQC1
A0A384SYQ7,A0A384TQC5
A0A384SYQ7,A0A384TSP9
A0A384SYQ7,A0A384TSQ6
A0A384SYQ7,A0A384TSR3
A0A384SYQ7,A0A384TSS3
A0A384SYQ7,A0A384TST5
A0A384SYQ7,A0A384TUI3
A0A384SYQ7,A0A384TUJ6
A0A384SYQ7,A0A384TUK1
A0A384SYQ7,A0A384TUK6
A0A384SYQ7,A0A384TUL3
A0A384SYQ7,A0A077HBN1
A0A384SYQ7,A0A384SYV0
A0A384SYQ7,A0A8K1SYL6
A0A384SYQ7,A0A8K1Y357
A0A384SYQ7,B0B211
A0A384SYQ7,F1LJR5
A0A384SYR4,A0A384SYS1
A0A384SYR4,A0A384SYS4
A0A384SYR4,A0A384SYW0
A0A384SYR4,A0A384SYX1
A0A384SYR4,A0A384SZB3
A0A384SYR4,A0A384SZC7
A0A384SYR4,A0A384SZD5
A0A384SYR4,A0A384T8W6
A0A384SYR4,A0A384T8Y8
A0A384SYR4,A0A384TAD6
A0A384SYR4,A0A384TAE2
A0A384SYR4,A0A384TAF7
A0A384SYR4,A0A384TAG8
A0A384SYR4,A0A384TNK5
A0A384SYR4,A0A384TNL4
A0A384SYR4,A0A384TNM2
A0A384SYR4,A0A384TNR4
A0A384SYR4,A0A384TQ98
A0A384SYR4,A0A384TQA9
A0A384SYR4,A0A384TQD4
A0A384SYR4,A0A384TSN1
A0A384SYR4,A0A384TSN9
A0A384SYR4,A0A384TSS8
A0A384SYR4,A0A384TUJ0
A0A384SYR4,A0A384TUN2
A0A384SYR4,A0A384SYN5
A0A384SYR4,A0A384SYP7
A0A384SYR4,A0A384SYP9
A0A384SYR4,A0A384SYQ6
A0A384SYR4,A0A384SYQ8
A0A384SYR4,A0A384SYR5
A0A384SYR4,A0A384SYR6
A0A384SYR4,A0A384SYS7
A0A384SYR4,A0A384SYT2
A0A384SYR4,A0A384SYT4
A0A384SYR4,A0A384SYT5
A0A384SYR4,A0A384SYT8
A0A384SYR4,A0A384SYU4
A0A384SYR4,A0A384SYU5
A0A384SYR4,A0A384SYV1
A0A384SYR4,A0A384SYV3
A0A384SYR4,A0A384SYV7
A0A384SYR4,A0A384SZB9
A0A384SYR4,A0A384SZD9
A0A384SYR4,A0A384SZE7
A0A384SYR4,A0A384SZF4
A0A384SYR4,A0A384T8W0
A0A384SYR4,A0A384T8X1
A0A384SYR4,A0A384T8X7
A0A384SYR4,A0A384T8Y2
A0A384SYR4,A0A384T8Z5
A0A384SYR4,A0A384TAC9
A0A384SYR4,A0A384TAF1
A0A384SYR4,A0A384TAG3
A0A384SYR4,A0A384TAH8
A0A384SYR4,A0A384TNN5
A0A384SYR4,A0A384TNP5
A0A384SYR4,A0A384TNQ3
A0A384SYR4,A0A384TNS5
A0A384SYR4,A0A384TQ84
A0A384SYR4,A0A384TQ90
A0A384SYR4,A0A384TQA4
A0A384SYR4,A0A384TQC1
A0A384SYR4,A0A384TQC5
A0A384SYR4,A0A384TSP9
A0A384SYR4,A0A384TSQ6
A0A384SYR4,A0A384TSR3
A0A384SYR4,A0A384TSS3
A0A384SYR4,A0A384TST5
A0A384SYR4,A0A384TUI3
A0A384SYR4,A0A384TUJ6
A0A384SYR4,A0A384TUK1
A0A384SYR4,A0A384TUK6
A0A384SYR4,A0A384TUL3
A0A384SYR4,A0A077HBN1
A0A384SYR4,A0A384SYV0
A0A384SYR4,A0A8K1SYL6
A0A384SYR4,A0A8K1Y357
A0A384SYR4,B0B211
A0A384SYR4,F1LJR5
A0A384SYS1,A0A384SYS4
A0A384SYS1,A0A384SYW0
A0A384SYS1,A0A384SYX1
A0A384SYS1,A0A384SZB3
A0A384SYS1,A0A384SZC7
A0A384SYS1,A0A384SZD5
A0A384SYS1,A0A384T8W6
A0A384SYS1,A0A384T8Y8
A0A384SYS1,A0A384TAD6
A0A384SYS1,A0A384TAE2
A0A384SYS1,A0A384TAF7
A0A384SYS1,A0A384TAG8
A0A384SYS1,A0A384TNK5
A0A384SYS1,A0A384TNL4
A0A384SYS1,A0A384TNM2
A0A384SYS1,A0A384TNR4
A0A384SYS1,A0A384TQ98
A0A384SYS1,A0A384TQA9
A0A384SYS1,A0A384TQD4
A0A384SYS1,A0A384TSN1
A0A384SYS1,A0A384TSN9
A0A384SYS1,A0A384TSS8
A0A384SYS1,A0A384TUJ0
A0A384SYS1,A0A384TUN2
A0A384SYS1,A0A384SYN5
A0A384SYS1,A0A384SYP7
A0A384SYS1,A0A384SYP9
A0A384SYS1,A0A384SYQ6
A0A384SYS1,A0A384SYQ8
A0A384SYS1,A0A384SYR5
A0A384SYS1,A0A384SYR6
A0A384SYS1,A0A384SYS7
A0A384SYS1,A0A384SYT2
A0A384SYS1,A0A384SYT4
A0A384SYS1,A0A384SYT5
A0A384SYS1,A0A384SYT8
A0A384SYS1,A0A384SYU4
A0A384SYS1,A0A384SYU5
A0A384SYS1,A0A384SYV1
A0A384SYS1,A0A384SYV3
A0A384SYS1,A0A384SYV7
A0A384SYS1,A0A384SZB9
A0A384SYS1,A0A384SZD9
A0A384SYS1,A0A384SZE7
A0A384SYS1,A0A384SZF4
A0A384SYS1,A0A384T8W0
A0A384SYS1,A0A384T8X1
A0A384SYS1,A0A384T8X7
A0A384SYS1,A0A384T8Y2
A0A384SYS1,A0A384T8Z5
A0A384SYS1,A0A384TAC9
A0A384SYS1,A0A384TAF1
A0A384SYS1,A0A384TAG3
A0A384SYS1,A0A384TAH8
A0A384SYS1,A0A384TNN5
A0A384SYS1,A0A384TNP5
A0A384SYS1,A0A384TNQ3
A0A384SYS1,A0A384TNS5
A0A384SYS1,A0A384TQ84
A0A384SYS1,A0A384TQ90
A0A384SYS1,A0A384TQA4
A0A384SYS1,A0A384TQC1
A0A384SYS1,A0A384TQC5
A0A384SYS1,A0A384TSP9
A0A384SYS1,A0A384TSQ6
A0A384SYS1,A0A384TSR3
A0A384SYS1,A0A384TSS3
A0A384SYS1,A0A384TST5
A0A384SYS1,A0A384TUI3
A0A384SYS1,A0A384TUJ6
A0A384SYS1,A0A384TUK1
A0A384SYS1,A0A384TUK6
A0A384SYS1,A0A384TUL3
A0A384SYS1,A0A077HBN1
A0A384SYS1,A0A384SYV0
A0A384SYS1,A0A8K1SYL6
A0A384SYS1,A0A8K1Y357
A0A384SYS1,B0B211
A0A384SYS1,F1LJR5
A0A384SYS4,A0A384SYW0
A0A384SYS4,A0A384SYX1
A0A384SYS4,A0A384SZB3
A0A384SYS4,A0A384SZC7
A0A384SYS4,A0A384SZD5
A0A384SYS4,A0A384T8W6
A0A384SYS4,A0A384T8Y8
A0A384SYS4,A0A384TAD6
A0A384SYS4,A0A384TAE2
A0A384SYS4,A0A384TAF7
A0A384SYS4,A0A384TAG8
A0A384SYS4,A0A384TNK5
A0A384SYS4,A0A384TNL4
A0A384SYS4,A0A384TNM2
A0A384SYS4,A0A384TNR4
A0A384SYS4,A0A384TQ98
A0A384SYS4,A0A384TQA9
A0A384SYS4,A0A384TQD4
A0A384SYS4,A0A384TSN1
A0A384SYS4,A0A384TSN9
A0A384SYS4,A0A384TSS8
A0A384SYS4,A0A384TUJ0
A0A384SYS4,A0A384TUN2
A0A384SYS4,A0A384SYN5
A0A384SYS4,A0A384SYP7
A0A384SYS4,A0A384SYP9
A0A384SYS4,A0A384SYQ6
A0A384SYS4,A0A384SYQ8
A0A384SYS4,A0A384SYR5
A0A384SYS4,A0A384SYR6
A0A384SYS4,A0A384SYS7
A0A384SYS4,A0A384SYT2
A0A384SYS4,A0A384SYT4
A0A384SYS4,A0A384SYT5
A0A384SYS4,A0A384SYT8
A0A384SYS4,A0A384SYU4
A0A384SYS4,A0A384SYU5
A0A384SYS4,A0A384SYV1
A0A384SYS4,A0A384SYV3
A0A384SYS4,A0A384SYV7
A0A384SYS4,A0A384SZB9
A0A384SYS4,A0A384SZD9
A0A384SYS4,A0A384SZE7
A0A384SYS4,A0A384SZF4
A0A384SYS4,A0A384T8W0
A0A384SYS4,A0A384T8X1
A0A384SYS4,A0A384T8X7
A0A384SYS4,A0A384T8Y2
A0A384SYS4,A0A384T8Z5
A0A384SYS4,A0A384TAC9
A0A384SYS4,A0A384TAF1
A0A384SYS4,A0A384TAG3
A0A384SYS4,A0A384TAH8
A0A384SYS4,A0A384TNN5
A0A384SYS4,A0A384TNP5
A0A384SYS4,A0A384TNQ3
A0A384SYS4,A0A384TNS5
A0A384SYS4,A0A384TQ84
A0A384SYS4,A0A384TQ90
A0A384SYS4,A0A384TQA4
A0A384SYS4,A0A384TQC1
A0A384SYS4,A0A384TQC5
A0A384SYS4,A0A384TSP9
A0A384SYS4,A0A384TSQ6
A0A384SYS4,A0A384TSR3
A0A384SYS4,A0A384TSS3
A0A384SYS4,A0A384TST5
A0A384SYS4,A0A384TUI3
A0A384SYS4,A0A384TUJ6
A0A384SYS4,A0A384TUK1
A0A384SYS4,A0A384TUK6
A0A384SYS4,A0A384TUL3
A0A384SYS4,A0A077HBN1
A0A384SYS4,A0A384SYV0
A0A384SYS4,A0A8K1SYL6
A0A384SYS4,A0A8K1Y357
A0A384SYS4,B0B211
A0A384SYS4,F1LJR5
A0A384SYW0,A0A384SYX1
A0A384SYW0,A0A384SZB3
A0A384SYW0,A0A384SZC7
A0A384SYW0,A0A384SZD5
A0A384SYW0,A0A384T8W6
A0A384SYW0,A0A384T8Y8
A0A384SYW0,A0A384TAD6
A0A384SYW0,A0A384TAE2
A0A384SYW0,A0A384TAF7
A0A384SYW0,A0A384TAG8
A0A384SYW0,A0A384TNK5
A0A384SYW0,A0A384TNL4
A0A384SYW0,A0A384TNM2
A0A384SYW0,A0A384TNR4
A0A384SYW0,A0A384TQ98
A0A384SYW0,A0A384TQA9
A0A384SYW0,A0A384TQD4
A0A384SYW0,A0A384TSN1
A0A384SYW0,A0A384TSN9
A0A384SYW0,A0A384TSS8
A0A384SYW0,A0A384TUJ0
A0A384SYW0,A0A384TUN2
A0A384SYW0,A0A384SYN5
A0A384SYW0,A0A384SYP7
A0A384SYW0,A0A384SYP9
A0A384SYW0,A0A384SYQ6
A0A384SYW0,A0A384SYQ8
A0A384SYW0,A0A384SYR5
A0A384SYW0,A0A384SYR6
A0A384SYW0,A0A384SYS7
A0A384SYW0,A0A384SYT2
A0A384SYW0,A0A384SYT4
A0A384SYW0,A0A384SYT5
A0A384SYW0,A0A384SYT8
A0A384SYW0,A0A384SYU4
A0A384SYW0,A0A384SYU5
A0A384SYW0,A0A384SYV1
A0A384SYW0,A0A384SYV3
A0A384SYW0,A0A384SYV7
A0A384SYW0,A0A384SZB9
A0A384SYW0,A0A384SZD9
A0A384SYW0,A0A384SZE7
A0A384SYW0,A0A384SZF4
A0A384SYW0,A0A384T8W0
A0A384SYW0,A0A384T8X1
A0A384SYW0,A0A384T8X7
A0A384SYW0,A0A384T8Y2
A0A384SYW0,A0A384T8Z5
A0A384SYW0,A0A384TAC9
A0A384SYW0,A0A384TAF1
A0A384SYW0,A0A384TAG3
A0A384SYW0,A0A384TAH8
A0A384SYW0,A0A384TNN5
A0A384SYW0,A0A384TNP5
A0A384SYW0,A0A384TNQ3
A0A384SYW0,A0A384TNS5
A0A384SYW0,A0A384TQ84
A0A384SYW0,A0A384TQ90
A0A384SYW0,A0A384TQA4
A0A384SYW0,A0A384TQC1
A0A384SYW0,A0A384TQC5
A0A384SYW0,A0A384TSP9
A0A384SYW0,A0A384TSQ6
A0A384SYW0,A0A384TSR3
A0A384SYW0,A0A384TSS3
A0A384SYW0,A0A384TST5
A0A384SYW0,A0A384TUI3
A0A384SYW0,A0A384TUJ6
A0A384SYW0,A0A384TUK1
A0A384SYW0,A0A384TUK6
A0A384SYW0,A0A384TUL3
A0A384SYW0,A0A077HBN1
A0A384SYW0,A0A384SYV0
A0A384SYW0,A0A8K1SYL6
A0A384SYW0,A0A8K1Y357
A0A384SYW0,B0B211
A0A384SYW0,F1LJR5
A0A384SYX1,A0A384SZB3
A0A384SYX1,A0A384SZC7
A0A384SYX1,A0A384SZD5
A0A384SYX1,A0A384T8W6
A0A384SYX1,A0A384T8Y8
A0A384SYX1,A0A384TAD6
A0A384SYX1,A0A384TAE2
A0A384SYX1,A0A384TAF7
A0A384SYX1,A0A384TAG8
A0A384SYX1,A0A384TNK5
A0A384SYX1,A0A384TNL4
A0A384SYX1,A0A384TNM2
A0A384SYX1,A0A384TNR4
A0A384SYX1,A0A384TQ98
A0A384SYX1,A0A384TQA9
A0A384SYX1,A0A384TQD4
A0A384SYX1,A0A384TSN1
A0A384SYX1,A0A384TSN9
A0A384SYX1,A0A384TSS8
A0A384SYX1,A0A384TUJ0
A0A384SYX1,A0A384TUN2
A0A384SYX1,A0A384SYN5
A0A384SYX1,A0A384SYP7
A0A384SYX1,A0A384SYP9
A0A384SYX1,A0A384SYQ6
A0A384SYX1,A0A384SYQ8
A0A384SYX1,A0A384SYR5
A0A384SYX1,A0A384SYR6
A0A384SYX1,A0A384SYS7
A0A384SYX1,A0A384SYT2
A0A384SYX1,A0A384SYT4
A0A384SYX1,A0A384SYT5
A0A384SYX1,A0A384SYT8
A0A384SYX1,A0A384SYU4
A0A384SYX1,A0A384SYU5
A0A384SYX1,A0A384SYV1
A0A384SYX1,A0A384SYV3
A0A384SYX1,A0A384SYV7
A0A384SYX1,A0A384SZB9
A0A384SYX1,A0A384SZD9
A0A384SYX1,A0A384SZE7
A0A384SYX1,A0A384SZF4
A0A384SYX1,A0A384T8W0
A0A384SYX1,A0A384T8X1
A0A384SYX1,A0A384T8X7
A0A384SYX1,A0A384T8Y2
A0A384SYX1,A0A384T8Z5
A0A384SYX1,A0A384TAC9
A0A384SYX1,A0A384TAF1
A0A384SYX1,A0A384TAG3
A0A384SYX1,A0A384TAH8
A0A384SYX1,A0A384TNN5
A0A384SYX1,A0A384TNP5
A0A384SYX1,A0A384TNQ3
A0A384SYX1,A0A384TNS5
A0A384SYX1,A0A384TQ84
A0A384SYX1,A0A384TQ90
A0A384SYX1,A0A384TQA4
A0A384SYX1,A0A384TQC1
A0A384SYX1,A0A384TQC5
A0A384SYX1,A0A384TSP9
A0A384SYX1,A0A384TSQ6
A0A384SYX1,A0A384TSR3
A0A384SYX1,A0A384TSS3
A0A384SYX1,A0A384TST5
A0A384SYX1,A0A384TUI3
A0A384SYX1,A0A384TUJ6
A0A384SYX1,A0A384TUK1
A0A384SYX1,A0A384TUK6
A0A384SYX1,A0A384TUL3
A0A384SYX1,A0A077HBN1
A0A384SYX1,A0A384SYV0
A0A384SYX1,A0A8K1SYL6
A0A384SYX1,A0A8K1Y357
A0A384SYX1,B0B211
A0A384SYX1,F1LJR5
A0A384SZB3,A0A384SZC7
A0A384SZB3,A0A384SZD5
A0A384SZB3,A0A384T8W6
A0A384SZB3,A0A384T8Y8
A0A384SZB3,A0A384TAD6
A0A384SZB3,A0A384TAE2
A0A384SZB3,A0A384TAF7
A0A384SZB3,A0A384TAG8
A0A384SZB3,A0A384TNK5
A0A384SZB3,A0A384TNL4
A0A384SZB3,A0A384TNM2
A0A384SZB3,A0A384TNR4
A0A384SZB3,A0A384TQ98
A0A384SZB3,A0A384TQA9
A0A384SZB3,A0A384TQD4
A0A384SZB3,A0A384TSN1
A0A384SZB3,A0A384TSN9
A0A384SZB3,A0A384TSS8
A0A384SZB3,A0A384TUJ0
A0A384SZB3,A0A384TUN2
A0A384SZB3,A0A384SYN5
A0A384SZB3,A0A384SYP7
A0A384SZB3,A0A384SYP9
A0A384SZB3,A0A384SYQ6
A0A384SZB3,A0A384SYQ8
A0A384SZB3,A0A384SYR5
A0A384SZB3,A0A384SYR6
A0A384SZB3,A0A384SYS7
A0A384SZB3,A0A384SYT2
A0A384SZB3,A0A384SYT4
A0A384SZB3,A0A384SYT5
A0A384SZB3,A0A384SYT8
A0A384SZB3,A0A384SYU4
A0A384SZB3,A0A384SYU5
A0A384SZB3,A0A384SYV1
A0A384SZB3,A0A384SYV3
A0A384SZB3,A0A384SYV7
A0A384SZB3,A0A384SZB9
A0A384SZB3,A0A384SZD9
A0A384SZB3,A0A384SZE7
A0A384SZB3,A0A384SZF4
A0A384SZB3,A0A384T8W0
A0A384SZB3,A0A384T8X1
A0A384SZB3,A0A384T8X7
A0A384SZB3,A0A384T8Y2
A0A384SZB3,A0A384T8Z5
A0A384SZB3,A0A384TAC9
A0A384SZB3,A0A384TAF1
A0A384SZB3,A0A384TAG3
A0A384SZB3,A0A384TAH8
A0A384SZB3,A0A384TNN5
A0A384SZB3,A0A384TNP5
A0A384SZB3,A0A384TNQ3
A0A384SZB3,A0A384TNS5
A0A384SZB3,A0A384TQ84
A0A384SZB3,A0A384TQ90
A0A384SZB3,A0A384TQA4
A0A384SZB3,A0A384TQC1
A0A384SZB3,A0A384TQC5
A0A384SZB3,A0A384TSP9
A0A384SZB3,A0A384TSQ6
A0A384SZB3,A0A384TSR3
A0A384SZB3,A0A384TSS3
A0A384SZB3,A0A384TST5
A0A384SZB3,A0A384TUI3
A0A384SZB3,A0A384TUJ6
A0A384SZB3,A0A384TUK1
A0A384SZB3,A0A384TUK6
A0A384SZB3,A0A384TUL3
A0A384SZB3,A0A077HBN1
A0A384SZB3,A0A384SYV0
A0A384SZB3,A0A8K1SYL6
A0A384SZB3,A0A8K1Y357
A0A384SZB3,B0B211
A0A384SZB3,F1LJR5
A0A384SZC7,A0A384SZD5
A0A384SZC7,A0A384T8W6
A0A384SZC7,A0A384T8Y8
A0A384SZC7,A0A384TAD6
A0A384SZC7,A0A384TAE2
A0A384SZC7,A0A384TAF7
A0A384SZC7,A0A384TAG8
A0A384SZC7,A0A384TNK5
A0A384SZC7,A0A384TNL4
A0A384SZC7,A0A384TNM2
A0A384SZC7,A0A384TNR4
A0A384SZC7,A0A384TQ98
A0A384SZC7,A0A384TQA9
A0A384SZC7,A0A384TQD4
A0A384SZC7,A0A384TSN1
A0A384SZC7,A0A384TSN9
A0A384SZC7,A0A384TSS8
A0A384SZC7,A0A384TUJ0
A0A384SZC7,A0A384TUN2
A0A384SZC7,A0A384SYN5
A0A384SZC7,A0A384SYP7
A0A384SZC7,A0A384SYP9
A0A384SZC7,A0A384SYQ6
A0A384SZC7,A0A384SYQ8
A0A384SZC7,A0A384SYR5
A0A384SZC7,A0A384SYR6
A0A384SZC7,A0A384SYS7
A0A384SZC7,A0A384SYT2
A0A384SZC7,A0A384SYT4
A0A384SZC7,A0A384SYT5
A0A384SZC7,A0A384SYT8
A0A384SZC7,A0A384SYU4
A0A384SZC7,A0A384SYU5
A0A384SZC7,A0A384SYV1
A0A384SZC7,A0A384SYV3
A0A384SZC7,A0A384SYV7
A0A384SZC7,A0A384SZB9
A0A384SZC7,A0A384SZD9
A0A384SZC7,A0A384SZE7
A0A384SZC7,A0A384SZF4
A0A384SZC7,A0A384T8W0
A0A384SZC7,A0A384T8X1
A0A384SZC7,A0A384T8X7
A0A384SZC7,A0A384T8Y2
A0A384SZC7,A0A384T8Z5
A0A384SZC7,A0A384TAC9
A0A384SZC7,A0A384TAF1
A0A384SZC7,A0A384TAG3
A0A384SZC7,A0A384TAH8
A0A384SZC7,A0A384TNN5
A0A384SZC7,A0A384TNP5
A0A384SZC7,A0A384TNQ3
A0A384SZC7,A0A384TNS5
A0A384SZC7,A0A384TQ84
A0A384SZC7,A0A384TQ90
A0A384SZC7,A0A384TQA4
A0A384SZC7,A0A384TQC1
A0A384SZC7,A0A384TQC5
A0A384SZC7,A0A384TSP9
A0A384SZC7,A0A384TSQ6
A0A384SZC7,A0A384TSR3
A0A384SZC7,A0A384TSS3
A0A384SZC7,A0A384TST5
A0A384SZC7,A0A384TUI3
A0A384SZC7,A0A384TUJ6
A0A384SZC7,A0A384TUK1
A0A384SZC7,A0A384TUK6
A0A384SZC7,A0A384TUL3
A0A384SZC7,A0A077HBN1
A0A384SZC7,A0A384SYV0
A0A384SZC7,A0A8K1SYL6
A0A384SZC7,A0A8K1Y357
A0A384SZC7,B0B211
A0A384SZC7,F1LJR5
A0A384SZD5,A0A384T8W6
A0A384SZD5,A0A384T8Y8
A0A384SZD5,A0A384TAD6
A0A384SZD5,A0A384TAE2
A0A384SZD5,A0A384TAF7
A0A384SZD5,A0A384TAG8
A0A384SZD5,A0A384TNK5
A0A384SZD5,A0A384TNL4
A0A384SZD5,A0A384TNM2
A0A384SZD5,A0A384TNR4
A0A384SZD5,A0A384TQ98
A0A384SZD5,A0A384TQA9
A0A384SZD5,A0A384TQD4
A0A384SZD5,A0A384TSN1
A0A384SZD5,A0A384TSN9
A0A384SZD5,A0A384TSS8
A0A384SZD5,A0A384TUJ0
A0A384SZD5,A0A384TUN2
A0A384SZD5,A0A384SYN5
A0A384SZD5,A0A384SYP7
A0A384SZD5,A0A384SYP9
A0A384SZD5,A0A384SYQ6
A0A384SZD5,A0A384SYQ8
A0A384SZD5,A0A384SYR5
A0A384SZD5,A0A384SYR6
A0A384SZD5,A0A384SYS7
A0A384SZD5,A0A384SYT2
A0A384SZD5,A0A384SYT4
A0A384SZD5,A0A384SYT5
A0A384SZD5,A0A384SYT8
A0A384SZD5,A0A384SYU4
A0A384SZD5,A0A384SYU5
A0A384SZD5,A0A384SYV1
A0A384SZD5,A0A384SYV3
A0A384SZD5,A0A384SYV7
A0A384SZD5,A0A384SZB9
A0A384SZD5,A0A384SZD9
A0A384SZD5,A0A384SZE7
A0A384SZD5,A0A384SZF4
A0A384SZD5,A0A384T8W0
A0A384SZD5,A0A384T8X1
A0A384SZD5,A0A384T8X7
A0A384SZD5,A0A384T8Y2
A0A384SZD5,A0A384T8Z5
A0A384SZD5,A0A384TAC9
A0A384SZD5,A0A384TAF1
A0A384SZD5,A0A384TAG3
A0A384SZD5,A0A384TAH8
A0A384SZD5,A0A384TNN5
A0A384SZD5,A0A384TNP5
A0A384SZD5,A0A384TNQ3
A0A384SZD5,A0A384TNS5
A0A384SZD5,A0A384TQ84
A0A384SZD5,A0A384TQ90
A0A384SZD5,A0A384TQA4
A0A384SZD5,A0A384TQC1
A0A384SZD5,A0A384TQC5
A0A384SZD5,A0A384TSP9
A0A384SZD5,A0A384TSQ6
A0A384SZD5,A0A384TSR3
A0A384SZD5,A0A384TSS3
A0A384SZD5,A0A384TST5
A0A384SZD5,A0A384TUI3
A0A384SZD5,A0A384TUJ6
A0A384SZD5,A0A384TUK1
A0A384SZD5,A0A384TUK6
A0A384SZD5,A0A384TUL3
A0A384SZD5,A0A077HBN1
A0A384SZD5,A0A384SYV0
A0A384SZD5,A0A8K1SYL6
A0A384SZD5,A0A8K1Y357
A0A384SZD5,B0B211
A0A384SZD5,F1LJR5
A0A384T8W6,A0A384T8Y8
A0A384T8W6,A0A384TAD6
A0A384T8W6,A0A384TAE2
A0A384T8W6,A0A384TAF7
A0A384T8W6,A0A384TAG8
A0A384T8W6,A0A384TNK5
A0A384T8W6,A0A384TNL4
A0A384T8W6,A0A384TNM2
A0A384T8W6,A0A384TNR4
A0A384T8W6,A0A384TQ98
A0A384T8W6,A0A384TQA9
A0A384T8W6,A0A384TQD4
A0A384T8W6,A0A384TSN1
A0A384T8W6,A0A384TSN9
A0A384T8W6,A0A384TSS8
A0A384T8W6,A0A384TUJ0
A0A384T8W6,A0A384TUN2
A0A384T8W6,A0A384SYN5
A0A384T8W6,A0A384SYP7
A0A384T8W6,A0A384SYP9
A0A384T8W6,A0A384SYQ6
A0A384T8W6,A0A384SYQ8
A0A384T8W6,A0A384SYR5
A0A384T8W6,A0A384SYR6
A0A384T8W6,A0A384SYS7
A0A384T8W6,A0A384SYT2
A0A384T8W6,A0A384SYT4
A0A384T8W6,A0A384SYT5
A0A384T8W6,A0A384SYT8
A0A384T8W6,A0A384SYU4
A0A384T8W6,A0A384SYU5
A0A384T8W6,A0A384SYV1
A0A384T8W6,A0A384SYV3
A0A384T8W6,A0A384SYV7
A0A384T8W6,A0A384SZB9
A0A384T8W6,A0A384SZD9
A0A384T8W6,A0A384SZE7
A0A384T8W6,A0A384SZF4
A0A384T8W6,A0A384T8W0
A0A384T8W6,A0A384T8X1
A0A384T8W6,A0A384T8X7
A0A384T8W6,A0A384T8Y2
A0A384T8W6,A0A384T8Z5
A0A384T8W6,A0A384TAC9
A0A384T8W6,A0A384TAF1
A0A384T8W6,A0A384TAG3
A0A384T8W6,A0A384TAH8
A0A384T8W6,A0A384TNN5
A0A384T8W6,A0A384TNP5
A0A384T8W6,A0A384TNQ3
A0A384T8W6,A0A384TNS5
A0A384T8W6,A0A384TQ84
A0A384T8W6,A0A384TQ90
A0A384T8W6,A0A384TQA4
A0A384T8W6,A0A384TQC1
A0A384T8W6,A0A384TQC5
A0A384T8W6,A0A384TSP9
A0A384T8W6,A0A384TSQ6
A0A384T8W6,A0A384TSR3
A0A384T8W6,A0A384TSS3
A0A384T8W6,A0A384TST5
A0A384T8W6,A0A384TUI3
A0A384T8W6,A0A384TUJ6
A0A384T8W6,A0A384TUK1
A0A384T8W6,A0A384TUK6
A0A384T8W6,A0A384TUL3
A0A384T8W6,A0A077HBN1
A0A384T8W6,A0A384SYV0
A0A384T8W6,A0A8K1SYL6
A0A384T8W6,A0A8K1Y357
A0A384T8W6,B0B211
A0A384T8W6,F1LJR5
A0A384T8Y8,A0A384TAD6
A0A384T8Y8,A0A384TAE2
A0A384T8Y8,A0A384TAF7
A0A384T8Y8,A0A384TAG8
A0A384T8Y8,A0A384TNK5
A0A384T8Y8,A0A384TNL4
A0A384T8Y8,A0A384TNM2
A0A384T8Y8,A0A384TNR4
A0A384T8Y8,A0A384TQ98
A0A384T8Y8,A0A384TQA9
A0A384T8Y8,A0A384TQD4
A0A384T8Y8,A0A384TSN1
A0A384T8Y8,A0A384TSN9
A0A384T8Y8,A0A384TSS8
A0A384T8Y8,A0A384TUJ0
A0A384T8Y8,A0A384TUN2
A0A384T8Y8,A0A384SYN5
A0A384T8Y8,A0A384SYP7
A0A384T8Y8,A0A384SYP9
A0A384T8Y8,A0A384SYQ6
A0A384T8Y8,A0A384SYQ8
A0A384T8Y8,A0A384SYR5
A0A384T8Y8,A0A384SYR6
A0A384T8Y8,A0A384SYS7
A0A384T8Y8,A0A384SYT2
A0A384T8Y8,A0A384SYT4
A0A384T8Y8,A0A384SYT5
A0A384T8Y8,A0A384SYT8
A0A384T8Y8,A0A384SYU4
A0A384T8Y8,A0A384SYU5
A0A384T8Y8,A0A384SYV1
A0A384T8Y8,A0A384SYV3
A0A384T8Y8,A0A384SYV7
A0A384T8Y8,A0A384SZB9
A0A384T8Y8,A0A384SZD9
A0A384T8Y8,A0A384SZE7
A0A384T8Y8,A0A384SZF4
A0A384T8Y8,A0A384T8W0
A0A384T8Y8,A0A384T8X1
A0A384T8Y8,A0A384T8X7
A0A384T8Y8,A0A384T8Y2
A0A384T8Y8,A0A384T8Z5
A0A384T8Y8,A0A384TAC9
A0A384T8Y8,A0A384TAF1
A0A384T8Y8,A0A384TAG3
A0A384T8Y8,A0A384TAH8
A0A384T8Y8,A0A384TNN5
A0A384T8Y8,A0A384TNP5
A0A384T8Y8,A0A384TNQ3
A0A384T8Y8,A0A384TNS5
A0A384T8Y8,A0A384TQ84
A0A384T8Y8,A0A384TQ90
A0A384T8Y8,A0A384TQA4
A0A384T8Y8,A0A384TQC1
A0A384T8Y8,A0A384TQC5
A0A384T8Y8,A0A384TSP9
A0A384T8Y8,A0A384TSQ6
A0A384T8Y8,A0A384TSR3
A0A384T8Y8,A0A384TSS3
A0A384T8Y8,A0A384TST5
A0A384T8Y8,A0A384TUI3
A0A384T8Y8,A0A384TUJ6
A0A384T8Y8,A0A384TUK1
A0A384T8Y8,A0A384TUK6
A0A384T8Y8,A0A384TUL3
A0A384T8Y8,A0A077HBN1
A0A384T8Y8,A0A384SYV0
A0A384T8Y8,A0A8K1SYL6
A0A384T8Y8,A0A8K1Y357
A0A384T8Y8,B0B211
A0A384T8Y8,F1LJR5
A0A384TAD6,A0A384TAE2
A0A384TAD6,A0A384TAF7
A0A384TAD6,A0A384TAG8
A0A384TAD6,A0A384TNK5
A0A384TAD6,A0A384TNL4
A0A384TAD6,A0A384TNM2
A0A384TAD6,A0A384TNR4
A0A384TAD6,A0A384TQ98
A0A384TAD6,A0A384TQA9
A0A384TAD6,A0A384TQD4
A0A384TAD6,A0A384TSN1
A0A384TAD6,A0A384TSN9
A0A384TAD6,A0A384TSS8
A0A384TAD6,A0A384TUJ0
A0A384TAD6,A0A384TUN2
A0A384TAD6,A0A384SYN5
A0A384TAD6,A0A384SYP7
A0A384TAD6,A0A384SYP9
A0A384TAD6,A0A384SYQ6
A0A384TAD6,A0A384SYQ8
A0A384TAD6,A0A384SYR5
A0A384TAD6,A0A384SYR6
A0A384TAD6,A0A384SYS7
A0A384TAD6,A0A384SYT2
A0A384TAD6,A0A384SYT4
A0A384TAD6,A0A384SYT5
A0A384TAD6,A0A384SYT8
A0A384TAD6,A0A384SYU4
A0A384TAD6,A0A384SYU5
A0A384TAD6,A0A384SYV1
A0A384TAD6,A0A384SYV3
A0A384TAD6,A0A384SYV7
A0A384TAD6,A0A384SZB9
A0A384TAD6,A0A384SZD9
A0A384TAD6,A0A384SZE7
A0A384TAD6,A0A384SZF4
A0A384TAD6,A0A384T8W0
A0A384TAD6,A0A384T8X1
A0A384TAD6,A0A384T8X7
A0A384TAD6,A0A384T8Y2
A0A384TAD6,A0A384T8Z5
A0A384TAD6,A0A384TAC9
A0A384TAD6,A0A384TAF1
A0A384TAD6,A0A384TAG3
A0A384TAD6,A0A384TAH8
A0A384TAD6,A0A384TNN5
A0A384TAD6,A0A384TNP5
A0A384TAD6,A0A384TNQ3
A0A384TAD6,A0A384TNS5
A0A384TAD6,A0A384TQ84
A0A384TAD6,A0A384TQ90
A0A384TAD6,A0A384TQA4
A0A384TAD6,A0A384TQC1
A0A384TAD6,A0A384TQC5
A0A384TAD6,A0A384TSP9
A0A384TAD6,A0A384TSQ6
A0A384TAD6,A0A384TSR3
A0A384TAD6,A0A384TSS3
A0A384TAD6,A0A384TST5
A0A384TAD6,A0A384TUI3
A0A384TAD6,A0A384TUJ6
A0A384TAD6,A0A384TUK1
A0A384TAD6,A0A384TUK6
A0A384TAD6,A0A384TUL3
A0A384TAD6,A0A077HBN1
A0A384TAD6,A0A384SYV0
A0A384TAD6,A0A8K1SYL6
A0A384TAD6,A0A8K1Y357
A0A384TAD6,B0B211
A0A384TAD6,F1LJR5
A0A384TAE2,A0A384TAF7
A0A384TAE2,A0A384TAG8
A0A384TAE2,A0A384TNK5
A0A384TAE2,A0A384TNL4
A0A384TAE2,A0A384TNM2
A0A384TAE2,A0A384TNR4
A0A384TAE2,A0A384TQ98
A0A384TAE2,A0A384TQA9
A0A384TAE2,A0A384TQD4
A0A384TAE2,A0A384TSN1
A0A384TAE2,A0A384TSN9
A0A384TAE2,A0A384TSS8
A0A384TAE2,A0A384TUJ0
A0A384TAE2,A0A384TUN2
A0A384TAE2,A0A384SYN5
A0A384TAE2,A0A384SYP7
A0A384TAE2,A0A384SYP9
A0A384TAE2,A0A384SYQ6
A0A384TAE2,A0A384SYQ8
A0A384TAE2,A0A384SYR5
A0A384TAE2,A0A384SYR6
A0A384TAE2,A0A384SYS7
A0A384TAE2,A0A384SYT2
A0A384TAE2,A0A384SYT4
A0A384TAE2,A0A384SYT5
A0A384TAE2,A0A384SYT8
A0A384TAE2,A0A384SYU4
A0A384TAE2,A0A384SYU5
A0A384TAE2,A0A384SYV1
A0A384TAE2,A0A384SYV3
A0A384TAE2,A0A384SYV7
A0A384TAE2,A0A384SZB9
A0A384TAE2,A0A384SZD9
A0A384TAE2,A0A384SZE7
A0A384TAE2,A0A384SZF4
A0A384TAE2,A0A384T8W0
A0A384TAE2,A0A384T8X1
A0A384TAE2,A0A384T8X7
A0A384TAE2,A0A384T8Y2
A0A384TAE2,A0A384T8Z5
A0A384TAE2,A0A384TAC9
A0A384TAE2,A0A384TAF1
A0A384TAE2,A0A384TAG3
A0A384TAE2,A0A384TAH8
A0A384TAE2,A0A384TNN5
A0A384TAE2,A0A384TNP5
A0A384TAE2,A0A384TNQ3
A0A384TAE2,A0A384TNS5
A0A384TAE2,A0A384TQ84
A0A384TAE2,A0A384TQ90
A0A384TAE2,A0A384TQA4
A0A384TAE2,A0A384TQC1
A0A384TAE2,A0A384TQC5
A0A384TAE2,A0A384TSP9
A0A384TAE2,A0A384TSQ6
A0A384TAE2,A0A384TSR3
A0A384TAE2,A0A384TSS3
A0A384TAE2,A0A384TST5
A0A384TAE2,A0A384TUI3
A0A384TAE2,A0A384TUJ6
A0A384TAE2,A0A384TUK1
A0A384TAE2,A0A384TUK6
A0A384TAE2,A0A384TUL3
A0A384TAE2,A0A077HBN1
A0A384TAE2,A0A384SYV0
A0A384TAE2,A0A8K1SYL6
A0A384TAE2,A0A8K1Y357
A0A384TAE2,B0B211
A0A384TAE2,F1LJR5
A0A384TAF7,A0A384TAG8
A0A384TAF7,A0A384TNK5
A0A384TAF7,A0A384TNL4
A0A384TAF7,A0A384TNM2
A0A384TAF7,A0A384TNR4
A0A384TAF7,A0A384TQ98
A0A384TAF7,A0A384TQA9
A0A384TAF7,A0A384TQD4
A0A384TAF7,A0A384TSN1
A0A384TAF7,A0A384TSN9
A0A384TAF7,A0A384TSS8
A0A384TAF7,A0A384TUJ0
A0A384TAF7,A0A384TUN2
A0A384TAF7,A0A384SYN5
A0A384TAF7,A0A384SYP7
A0A384TAF7,A0A384SYP9
A0A384TAF7,A0A384SYQ6
A0A384TAF7,A0A384SYQ8
A0A384TAF7,A0A384SYR5
A0A384TAF7,A0A384SYR6
A0A384TAF7,A0A384SYS7
A0A384TAF7,A0A384SYT2
A0A384TAF7,A0A384SYT4
A0A384TAF7,A0A384SYT5
A0A384TAF7,A0A384SYT8
A0A384TAF7,A0A384SYU4
A0A384TAF7,A0A384SYU5
A0A384TAF7,A0A384SYV1
A0A384TAF7,A0A384SYV3
A0A384TAF7,A0A384SYV7
A0A384TAF7,A0A384SZB9
A0A384TAF7,A0A384SZD9
A0A384TAF7,A0A384SZE7
A0A384TAF7,A0A384SZF4
A0A384TAF7,A0A384T8W0
A0A384TAF7,A0A384T8X1
A0A384TAF7,A0A384T8X7
A0A384TAF7,A0A384T8Y2
A0A384TAF7,A0A384T8Z5
A0A384TAF7,A0A384TAC9
A0A384TAF7,A0A384TAF1
A0A384TAF7,A0A384TAG3
A0A384TAF7,A0A384TAH8
A0A384TAF7,A0A384TNN5
A0A384TAF7,A0A384TNP5
A0A384TAF7,A0A384TNQ3
A0A384TAF7,A0A384TNS5
A0A384TAF7,A0A384TQ84
A0A384TAF7,A0A384TQ90
A0A384TAF7,A0A384TQA4
A0A384TAF7,A0A384TQC1
A0A384TAF7,A0A384TQC5
A0A384TAF7,A0A384TSP9
A0A384TAF7,A0A384TSQ6
A0A384TAF7,A0A384TSR3
A0A384TAF7,A0A384TSS3
A0A384TAF7,A0A384TST5
A0A384TAF7,A0A384TUI3
A0A384TAF7,A0A384TUJ6
A0A384TAF7,A0A384TUK1
A0A384TAF7,A0A384TUK6
A0A384TAF7,A0A384TUL3
A0A384TAF7,A0A077HBN1
A0A384TAF7,A0A384SYV0
A0A384TAF7,A0A8K1SYL6
A0A384TAF7,A0A8K1Y357
A0A384TAF7,B0B211
A0A384TAF7,F1LJR5
A0A384TAG8,A0A384TNK5
A0A384TAG8,A0A384TNL4
A0A384TAG8,A0A384TNM2
A0A384TAG8,A0A384TNR4
A0A384TAG8,A0A384TQ98
A0A384TAG8,A0A384TQA9
A0A384TAG8,A0A384TQD4
A0A384TAG8,A0A384TSN1
A0A384TAG8,A0A384TSN9
A0A384TAG8,A0A384TSS8
A0A384TAG8,A0A384TUJ0
A0A384TAG8,A0A384TUN2
A0A384TAG8,A0A384SYN5
A0A384TAG8,A0A384SYP7
A0A384TAG8,A0A384SYP9
A0A384TAG8,A0A384SYQ6
A0A384TAG8,A0A384SYQ8
A0A384TAG8,A0A384SYR5
A0A384TAG8,A0A384SYR6
A0A384TAG8,A0A384SYS7
A0A384TAG8,A0A384SYT2
A0A384TAG8,A0A384SYT4
A0A384TAG8,A0A384SYT5
A0A384TAG8,A0A384SYT8
A0A384TAG8,A0A384SYU4
A0A384TAG8,A0A384SYU5
A0A384TAG8,A0A384SYV1
A0A384TAG8,A0A384SYV3
A0A384TAG8,A0A384SYV7
A0A384TAG8,A0A384SZB9
A0A384TAG8,A0A384SZD9
A0A384TAG8,A0A384SZE7
A0A384TAG8,A0A384SZF4
A0A384TAG8,A0A384T8W0
A0A384TAG8,A0A384T8X1
A0A384TAG8,A0A384T8X7
A0A384TAG8,A0A384T8Y2
A0A384TAG8,A0A384T8Z5
A0A384TAG8,A0A384TAC9
A0A384TAG8,A0A384TAF1
A0A384TAG8,A0A384TAG3
A0A384TAG8,A0A384TAH8
A0A384TAG8,A0A384TNN5
A0A384TAG8,A0A384TNP5
A0A384TAG8,A0A384TNQ3
A0A384TAG8,A0A384TNS5
A0A384TAG8,A0A384TQ84
A0A384TAG8,A0A384TQ90
A0A384TAG8,A0A384TQA4
A0A384TAG8,A0A384TQC1
A0A384TAG8,A0A384TQC5
A0A384TAG8,A0A384TSP9
A0A384TAG8,A0A384TSQ6
A0A384TAG8,A0A384TSR3
A0A384TAG8,A0A384TSS3
A0A384TAG8,A0A384TST5
A0A384TAG8,A0A384TUI3
A0A384TAG8,A0A384TUJ6
A0A384TAG8,A0A384TUK1
A0A384TAG8,A0A384TUK6
A0A384TAG8,A0A384TUL3
A0A384TAG8,A0A077HBN1
A0A384TAG8,A0A384SYV0
A0A384TAG8,A0A8K1SYL6
A0A384TAG8,A0A8K1Y357
A0A384TAG8,B0B211
A0A384TAG8,F1LJR5
A0A384TNK5,A0A384TNL4
A0A384TNK5,A0A384TNM2
A0A384TNK5,A0A384TNR4
A0A384TNK5,A0A384TQ98
A0A384TNK5,A0A384TQA9
A0A384TNK5,A0A384TQD4
A0A384TNK5,A0A384TSN1
A0A384TNK5,A0A384TSN9
A0A384TNK5,A0A384TSS8
A0A384TNK5,A0A384TUJ0
A0A384TNK5,A0A384TUN2
A0A384TNK5,A0A384SYN5
A0A384TNK5,A0A384SYP7
A0A384TNK5,A0A384SYP9
A0A384TNK5,A0A384SYQ6
A0A384TNK5,A0A384SYQ8
A0A384TNK5,A0A384SYR5
A0A384TNK5,A0A384SYR6
A0A384TNK5,A0A384SYS7
A0A384TNK5,A0A384SYT2
A0A384TNK5,A0A384SYT4
A0A384TNK5,A0A384SYT5
A0A384TNK5,A0A384SYT8
A0A384TNK5,A0A384SYU4
A0A384TNK5,A0A384SYU5
A0A384TNK5,A0A384SYV1
A0A384TNK5,A0A384SYV3
A0A384TNK5,A0A384SYV7
A0A384TNK5,A0A384SZB9
A0A384TNK5,A0A384SZD9
A0A384TNK5,A0A384SZE7
A0A384TNK5,A0A384SZF4
A0A384TNK5,A0A384T8W0
A0A384TNK5,A0A384T8X1
A0A384TNK5,A0A384T8X7
A0A384TNK5,A0A384T8Y2
A0A384TNK5,A0A384T8Z5
A0A384TNK5,A0A384TAC9
A0A384TNK5,A0A384TAF1
A0A384TNK5,A0A384TAG3
A0A384TNK5,A0A384TAH8
A0A384TNK5,A0A384TNN5
A0A384TNK5,A0A384TNP5
A0A384TNK5,A0A384TNQ3
A0A384TNK5,A0A384TNS5
A0A384TNK5,A0A384TQ84
A0A384TNK5,A0A384TQ90
A0A384TNK5,A0A384TQA4
A0A384TNK5,A0A384TQC1
A0A384TNK5,A0A384TQC5
A0A384TNK5,A0A384TSP9
A0A384TNK5,A0A384TSQ6
A0A384TNK5,A0A384TSR3
A0A384TNK5,A0A384TSS3
A0A384TNK5,A0A384TST5
A0A384TNK5,A0A384TUI3
A0A384TNK5,A0A384TUJ6
A0A384TNK5,A0A384TUK1
A0A384TNK5,A0A384TUK6
A0A384TNK5,A0A384TUL3
A0A384TNK5,A0A077HBN1
A0A384TNK5,A0A384SYV0
A0A384TNK5,A0A8K1SYL6
A0A384TNK5,A0A8K1Y357
A0A384TNK5,B0B211
A0A384TNK5,F1LJR5
A0A384TNL4,A0A384TNM2
A0A384TNL4,A0A384TNR4
A0A384TNL4,A0A384TQ98
A0A384TNL4,A0A384TQA9
A0A384TNL4,A0A384TQD4
A0A384TNL4,A0A384TSN1
A0A384TNL4,A0A384TSN9
A0A384TNL4,A0A384TSS8
A0A384TNL4,A0A384TUJ0
A0A384TNL4,A0A384TUN2
A0A384TNL4,A0A384SYN5
A0A384TNL4,A0A384SYP7
A0A384TNL4,A0A384SYP9
A0A384TNL4,A0A384SYQ6
A0A384TNL4,A0A384SYQ8
A0A384TNL4,A0A384SYR5
A0A384TNL4,A0A384SYR6
A0A384TNL4,A0A384SYS7
A0A384TNL4,A0A384SYT2
A0A384TNL4,A0A384SYT4
A0A384TNL4,A0A384SYT5
A0A384TNL4,A0A384SYT8
A0A384TNL4,A0A384SYU4
A0A384TNL4,A0A384SYU5
A0A384TNL4,A0A384SYV1
A0A384TNL4,A0A384SYV3
A0A384TNL4,A0A384SYV7
A0A384TNL4,A0A384SZB9
A0A384TNL4,A0A384SZD9
A0A384TNL4,A0A384SZE7
A0A384TNL4,A0A384SZF4
A0A384TNL4,A0A384T8W0
A0A384TNL4,A0A384T8X1
A0A384TNL4,A0A384T8X7
A0A384TNL4,A0A384T8Y2
A0A384TNL4,A0A384T8Z5
A0A384TNL4,A0A384TAC9
A0A384TNL4,A0A384TAF1
A0A384TNL4,A0A384TAG3
A0A384TNL4,A0A384TAH8
A0A384TNL4,A0A384TNN5
A0A384TNL4,A0A384TNP5
A0A384TNL4,A0A384TNQ3
A0A384TNL4,A0A384TNS5
A0A384TNL4,A0A384TQ84
A0A384TNL4,A0A384TQ90
A0A384TNL4,A0A384TQA4
A0A384TNL4,A0A384TQC1
A0A384TNL4,A0A384TQC5
A0A384TNL4,A0A384TSP9
A0A384TNL4,A0A384TSQ6
A0A384TNL4,A0A384TSR3
A0A384TNL4,A0A384TSS3
A0A384TNL4,A0A384TST5
A0A384TNL4,A0A384TUI3
A0A384TNL4,A0A384TUJ6
A0A384TNL4,A0A384TUK1
A0A384TNL4,A0A384TUK6
A0A384TNL4,A0A384TUL3
A0A384TNL4,A0A077HBN1
A0A384TNL4,A0A384SYV0
A0A384TNL4,A0A8K1SYL6
A0A384TNL4,A0A8K1Y357
A0A384TNL4,B0B211
A0A384TNL4,F1LJR5
A0A384TNM2,A0A384TNR4
A0A384TNM2,A0A384TQ98
A0A384TNM2,A0A384TQA9
A0A384TNM2,A0A384TQD4
A0A384TNM2,A0A384TSN1
A0A384TNM2,A0A384TSN9
A0A384TNM2,A0A384TSS8
A0A384TNM2,A0A384TUJ0
A0A384TNM2,A0A384TUN2
A0A384TNM2,A0A384SYN5
A0A384TNM2,A0A384SYP7
A0A384TNM2,A0A384SYP9
A0A384TNM2,A0A384SYQ6
A0A384TNM2,A0A384SYQ8
A0A384TNM2,A0A384SYR5
A0A384TNM2,A0A384SYR6
A0A384TNM2,A0A384SYS7
A0A384TNM2,A0A384SYT2
A0A384TNM2,A0A384SYT4
A0A384TNM2,A0A384SYT5
A0A384TNM2,A0A384SYT8
A0A384TNM2,A0A384SYU4
A0A384TNM2,A0A384SYU5
A0A384TNM2,A0A384SYV1
A0A384TNM2,A0A384SYV3
A0A384TNM2,A0A384SYV7
A0A384TNM2,A0A384SZB9
A0A384TNM2,A0A384SZD9
A0A384TNM2,A0A384SZE7
A0A384TNM2,A0A384SZF4
A0A384TNM2,A0A384T8W0
A0A384TNM2,A0A384T8X1
A0A384TNM2,A0A384T8X7
A0A384TNM2,A0A384T8Y2
A0A384TNM2,A0A384T8Z5
A0A384TNM2,A0A384TAC9
A0A384TNM2,A0A384TAF1
A0A384TNM2,A0A384TAG3
A0A384TNM2,A0A384TAH8
A0A384TNM2,A0A384TNN5
A0A384TNM2,A0A384TNP5
A0A384TNM2,A0A384TNQ3
A0A384TNM2,A0A384TNS5
A0A384TNM2,A0A384TQ84
A0A384TNM2,A0A384TQ90
A0A384TNM2,A0A384TQA4
A0A384TNM2,A0A384TQC1
A0A384TNM2,A0A384TQC5
A0A384TNM2,A0A384TSP9
A0A384TNM2,A0A384TSQ6
A0A384TNM2,A0A384TSR3
A0A384TNM2,A0A384TSS3
A0A384TNM2,A0A384TST5
A0A384TNM2,A0A384TUI3
A0A384TNM2,A0A384TUJ6
A0A384TNM2,A0A384TUK1
A0A384TNM2,A0A384TUK6
A0A384TNM2,A0A384TUL3
A0A384TNM2,A0A077HBN1
A0A384TNM2,A0A384SYV0
A0A384TNM2,A0A8K1SYL6
A0A384TNM2,A0A8K1Y357
A0A384TNM2,B0B211
A0A384TNM2,F1LJR5
A0A384TNR4,A0A384TQ98
A0A384TNR4,A0A384TQA9
A0A384TNR4,A0A384TQD4
A0A384TNR4,A0A384TSN1
A0A384TNR4,A0A384TSN9
A0A384TNR4,A0A384TSS8
A0A384TNR4,A0A384TUJ0
A0A384TNR4,A0A384TUN2
A0A384TNR4,A0A384SYN5
A0A384TNR4,A0A384SYP7
A0A384TNR4,A0A384SYP9
A0A384TNR4,A0A384SYQ6
A0A384TNR4,A0A384SYQ8
A0A384TNR4,A0A384SYR5
A0A384TNR4,A0A384SYR6
A0A384TNR4,A0A384SYS7
A0A384TNR4,A0A384SYT2
A0A384TNR4,A0A384SYT4
A0A384TNR4,A0A384SYT5
A0A384TNR4,A0A384SYT8
A0A384TNR4,A0A384SYU4
A0A384TNR4,A0A384SYU5
A0A384TNR4,A0A384SYV1
A0A384TNR4,A0A384SYV3
A0A384TNR4,A0A384SYV7
A0A384TNR4,A0A384SZB9
A0A384TNR4,A0A384SZD9
A0A384TNR4,A0A384SZE7
A0A384TNR4,A0A384SZF4
A0A384TNR4,A0A384T8W0
A0A384TNR4,A0A384T8X1
A0A384TNR4,A0A384T8X7
A0A384TNR4,A0A384T8Y2
A0A384TNR4,A0A384T8Z5
A0A384TNR4,A0A384TAC9
A0A384TNR4,A0A384TAF1
A0A384TNR4,A0A384TAG3
A0A384TNR4,A0A384TAH8
A0A384TNR4,A0A384TNN5
A0A384TNR4,A0A384TNP5
A0A384TNR4,A0A384TNQ3
A0A384TNR4,A0A384TNS5
A0A384TNR4,A0A384TQ84
A0A384TNR4,A0A384TQ90
A0A384TNR4,A0A384TQA4
A0A384TNR4,A0A384TQC1
A0A384TNR4,A0A384TQC5
A0A384TNR4,A0A384TSP9
A0A384TNR4,A0A384TSQ6
A0A384TNR4,A0A384TSR3
A0A384TNR4,A0A384TSS3
A0A384TNR4,A0A384TST5
A0A384TNR4,A0A384TUI3
A0A384TNR4,A0A384TUJ6
A0A384TNR4,A0A384TUK1
A0A384TNR4,A0A384TUK6
A0A384TNR4,A0A384TUL3
A0A384TNR4,A0A077HBN1
A0A384TNR4,A0A384SYV0
A0A384TNR4,A0A8K1SYL6
A0A384TNR4,A0A8K1Y357
A0A384TNR4,B0B211
A0A384TNR4,F1LJR5
A0A384TQ98,A0A384TQA9
A0A384TQ98,A0A384TQD4
A0A384TQ98,A0A384TSN1
A0A384TQ98,A0A384TSN9
A0A384TQ98,A0A384TSS8
A0A384TQ98,A0A384TUJ0
A0A384TQ98,A0A384TUN2
A0A384TQ98,A0A384SYN5
A0A384TQ98,A0A384SYP7
A0A384TQ98,A0A384SYP9
A0A384TQ98,A0A384SYQ6
A0A384TQ98,A0A384SYQ8
A0A384TQ98,A0A384SYR5
A0A384TQ98,A0A384SYR6
A0A384TQ98,A0A384SYS7
A0A384TQ98,A0A384SYT2
A0A384TQ98,A0A384SYT4
A0A384TQ98,A0A384SYT5
A0A384TQ98,A0A384SYT8
A0A384TQ98,A0A384SYU4
A0A384TQ98,A0A384SYU5
A0A384TQ98,A0A384SYV1
A0A384TQ98,A0A384SYV3
A0A384TQ98,A0A384SYV7
A0A384TQ98,A0A384SZB9
A0A384TQ98,A0A384SZD9
A0A384TQ98,A0A384SZE7
A0A384TQ98,A0A384SZF4
A0A384TQ98,A0A384T8W0
A0A384TQ98,A0A384T8X1
A0A384TQ98,A0A384T8X7
A0A384TQ98,A0A384T8Y2
A0A384TQ98,A0A384T8Z5
A0A384TQ98,A0A384TAC9
A0A384TQ98,A0A384TAF1
A0A384TQ98,A0A384TAG3
A0A384TQ98,A0A384TAH8
A0A384TQ98,A0A384TNN5
A0A384TQ98,A0A384TNP5
A0A384TQ98,A0A384TNQ3
A0A384TQ98,A0A384TNS5
A0A384TQ98,A0A384TQ84
A0A384TQ98,A0A384TQ90
A0A384TQ98,A0A384TQA4
A0A384TQ98,A0A384TQC1
A0A384TQ98,A0A384TQC5
A0A384TQ98,A0A384TSP9
A0A384TQ98,A0A384TSQ6
A0A384TQ98,A0A384TSR3
A0A384TQ98,A0A384TSS3
A0A384TQ98,A0A384TST5
A0A384TQ98,A0A384TUI3
A0A384TQ98,A0A384TUJ6
A0A384TQ98,A0A384TUK1
A0A384TQ98,A0A384TUK6
A0A384TQ98,A0A384TUL3
A0A384TQ98,A0A077HBN1
A0A384TQ98,A0A384SYV0
A0A384TQ98,A0A8K1SYL6
A0A384TQ98,A0A8K1Y357
A0A384TQ98,B0B211
A0A384TQ98,F1LJR5
A0A384TQA9,A0A384TQD4
A0A384TQA9,A0A384TSN1
A0A384TQA9,A0A384TSN9
A0A384TQA9,A0A384TSS8
A0A384TQA9,A0A384TUJ0
A0A384TQA9,A0A384TUN2
A0A384TQA9,A0A384SYN5
A0A384TQA9,A0A384SYP7
A0A384TQA9,A0A384SYP9
A0A384TQA9,A0A384SYQ6
A0A384TQA9,A0A384SYQ8
A0A384TQA9,A0A384SYR5
A0A384TQA9,A0A384SYR6
A0A384TQA9,A0A384SYS7
A0A384TQA9,A0A384SYT2
A0A384TQA9,A0A384SYT4
A0A384TQA9,A0A384SYT5
A0A384TQA9,A0A384SYT8
A0A384TQA9,A0A384SYU4
A0A384TQA9,A0A384SYU5
A0A384TQA9,A0A384SYV1
A0A384TQA9,A0A384SYV3
A0A384TQA9,A0A384SYV7
A0A384TQA9,A0A384SZB9
A0A384TQA9,A0A384SZD9
A0A384TQA9,A0A384SZE7
A0A384TQA9,A0A384SZF4
A0A384TQA9,A0A384T8W0
A0A384TQA9,A0A384T8X1
A0A384TQA9,A0A384T8X7
A0A384TQA9,A0A384T8Y2
A0A384TQA9,A0A384T8Z5
A0A384TQA9,A0A384TAC9
A0A384TQA9,A0A384TAF1
A0A384TQA9,A0A384TAG3
A0A384TQA9,A0A384TAH8
A0A384TQA9,A0A384TNN5
A0A384TQA9,A0A384TNP5
A0A384TQA9,A0A384TNQ3
A0A384TQA9,A0A384TNS5
A0A384TQA9,A0A384TQ84
A0A384TQA9,A0A384TQ90
A0A384TQA9,A0A384TQA4
A0A384TQA9,A0A384TQC1
A0A384TQA9,A0A384TQC5
A0A384TQA9,A0A384TSP9
A0A384TQA9,A0A384TSQ6
A0A384TQA9,A0A384TSR3
A0A384TQA9,A0A384TSS3
A0A384TQA9,A0A384TST5
A0A384TQA9,A0A384TUI3
A0A384TQA9,A0A384TUJ6
A0A384TQA9,A0A384TUK1
A0A384TQA9,A0A384TUK6
A0A384TQA9,A0A384TUL3
A0A384TQA9,A0A077HBN1
A0A384TQA9,A0A384SYV0
A0A384TQA9,A0A8K1SYL6
A0A384TQA9,A0A8K1Y357
A0A384TQA9,B0B211
A0A384TQA9,F1LJR5
A0A384TQD4,A0A384TSN1
A0A384TQD4,A0A384TSN9
A0A384TQD4,A0A384TSS8
A0A384TQD4,A0A384TUJ0
A0A384TQD4,A0A384TUN2
A0A384TQD4,A0A384SYN5
A0A384TQD4,A0A384SYP7
A0A384TQD4,A0A384SYP9
A0A384TQD4,A0A384SYQ6
A0A384TQD4,A0A384SYQ8
A0A384TQD4,A0A384SYR5
A0A384TQD4,A0A384SYR6
A0A384TQD4,A0A384SYS7
A0A384TQD4,A0A384SYT2
A0A384TQD4,A0A384SYT4
A0A384TQD4,A0A384SYT5
A0A384TQD4,A0A384SYT8
A0A384TQD4,A0A384SYU4
A0A384TQD4,A0A384SYU5
A0A384TQD4,A0A384SYV1
A0A384TQD4,A0A384SYV3
A0A384TQD4,A0A384SYV7
A0A384TQD4,A0A384SZB9
A0A384TQD4,A0A384SZD9
A0A384TQD4,A0A384SZE7
A0A384TQD4,A0A384SZF4
A0A384TQD4,A0A384T8W0
A0A384TQD4,A0A384T8X1
A0A384TQD4,A0A384T8X7
A0A384TQD4,A0A384T8Y2
A0A384TQD4,A0A384T8Z5
A0A384TQD4,A0A384TAC9
A0A384TQD4,A0A384TAF1
A0A384TQD4,A0A384TAG3
A0A384TQD4,A0A384TAH8
A0A384TQD4,A0A384TNN5
A0A384TQD4,A0A384TNP5
A0A384TQD4,A0A384TNQ3
A0A384TQD4,A0A384TNS5
A0A384TQD4,A0A384TQ84
A0A384TQD4,A0A384TQ90
A0A384TQD4,A0A384TQA4
A0A384TQD4,A0A384TQC1
A0A384TQD4,A0A384TQC5
A0A384TQD4,A0A384TSP9
A0A384TQD4,A0A384TSQ6
A0A384TQD4,A0A384TSR3
A0A384TQD4,A0A384TSS3
A0A384TQD4,A0A384TST5
A0A384TQD4,A0A384TUI3
A0A384TQD4,A0A384TUJ6
A0A384TQD4,A0A384TUK1
A0A384TQD4,A0A384TUK6
A0A384TQD4,A0A384TUL3
A0A384TQD4,A0A077HBN1
A0A384TQD4,A0A384SYV0
A0A384TQD4,A0A8K1SYL6
A0A384TQD4,A0A8K1Y357
A0A384TQD4,B0B211
A0A384TQD4,F1LJR5
A0A384TSN1,A0A384TSN9
A0A384TSN1,A0A384TSS8
A0A384TSN1,A0A384TUJ0
A0A384TSN1,A0A384TUN2
A0A384TSN1,A0A384SYN5
A0A384TSN1,A0A384SYP7
A0A384TSN1,A0A384SYP9
A0A384TSN1,A0A384SYQ6
A0A384TSN1,A0A384SYQ8
A0A384TSN1,A0A384SYR5
A0A384TSN1,A0A384SYR6
A0A384TSN1,A0A384SYS7
A0A384TSN1,A0A384SYT2
A0A384TSN1,A0A384SYT4
A0A384TSN1,A0A384SYT5
A0A384TSN1,A0A384SYT8
A0A384TSN1,A0A384SYU4
A0A384TSN1,A0A384SYU5
A0A384TSN1,A0A384SYV1
A0A384TSN1,A0A384SYV3
A0A384TSN1,A0A384SYV7
A0A384TSN1,A0A384SZB9
A0A384TSN1,A0A384SZD9
A0A384TSN1,A0A384SZE7
A0A384TSN1,A0A384SZF4
A0A384TSN1,A0A384T8W0
A0A384TSN1,A0A384T8X1
A0A384TSN1,A0A384T8X7
A0A384TSN1,A0A384T8Y2
A0A384TSN1,A0A384T8Z5
A0A384TSN1,A0A384TAC9
A0A384TSN1,A0A384TAF1
A0A384TSN1,A0A384TAG3
A0A384TSN1,A0A384TAH8
A0A384TSN1,A0A384TNN5
A0A384TSN1,A0A384TNP5
A0A384TSN1,A0A384TNQ3
A0A384TSN1,A0A384TNS5
A0A384TSN1,A0A384TQ84
A0A384TSN1,A0A384TQ90
A0A384TSN1,A0A384TQA4
A0A384TSN1,A0A384TQC1
A0A384TSN1,A0A384TQC5
A0A384TSN1,A0A384TSP9
A0A384TSN1,A0A384TSQ6
A0A384TSN1,A0A384TSR3
A0A384TSN1,A0A384TSS3
A0A384TSN1,A0A384TST5
A0A384TSN1,A0A384TUI3
A0A384TSN1,A0A384TUJ6
A0A384TSN1,A0A384TUK1
A0A384TSN1,A0A384TUK6
A0A384TSN1,A0A384TUL3
A0A384TSN1,A0A077HBN1
A0A384TSN1,A0A384SYV0
A0A384TSN1,A0A8K1SYL6
A0A384TSN1,A0A8K1Y357
A0A384TSN1,B0B211
A0A384TSN1,F1LJR5
A0A384TSN9,A0A384TSS8
A0A384TSN9,A0A384TUJ0
A0A384TSN9,A0A384TUN2
A0A384TSN9,A0A384SYN5
A0A384TSN9,A0A384SYP7
A0A384TSN9,A0A384SYP9
A0A384TSN9,A0A384SYQ6
A0A384TSN9,A0A384SYQ8
A0A384TSN9,A0A384SYR5
A0A384TSN9,A0A384SYR6
A0A384TSN9,A0A384SYS7
A0A384TSN9,A0A384SYT2
A0A384TSN9,A0A384SYT4
A0A384TSN9,A0A384SYT5
A0A384TSN9,A0A384SYT8
A0A384TSN9,A0A384SYU4
A0A384TSN9,A0A384SYU5
A0A384TSN9,A0A384SYV1
A0A384TSN9,A0A384SYV3
A0A384TSN9,A0A384SYV7
A0A384TSN9,A0A384SZB9
A0A384TSN9,A0A384SZD9
A0A384TSN9,A0A384SZE7
A0A384TSN9,A0A384SZF4
A0A384TSN9,A0A384T8W0
A0A384TSN9,A0A384T8X1
A0A384TSN9,A0A384T8X7
A0A384TSN9,A0A384T8Y2
A0A384TSN9,A0A384T8Z5
A0A384TSN9,A0A384TAC9
A0A384TSN9,A0A384TAF1
A0A384TSN9,A0A384TAG3
A0A384TSN9,A0A384TAH8
A0A384TSN9,A0A384TNN5
A0A384TSN9,A0A384TNP5
A0A384TSN9,A0A384TNQ3
A0A384TSN9,A0A384TNS5
A0A384TSN9,A0A384TQ84
A0A384TSN9,A0A384TQ90
A0A384TSN9,A0A384TQA4
A0A384TSN9,A0A384TQC1
A0A384TSN9,A0A384TQC5
A0A384TSN9,A0A384TSP9
A0A384TSN9,A0A384TSQ6
A0A384TSN9,A0A384TSR3
A0A384TSN9,A0A384TSS3
A0A384TSN9,A0A384TST5
A0A384TSN9,A0A384TUI3
A0A384TSN9,A0A384TUJ6
A0A384TSN9,A0A384TUK1
A0A384TSN9,A0A384TUK6
A0A384TSN9,A0A384TUL3
A0A384TSN9,A0A077HBN1
A0A384TSN9,A0A384SYV0
A0A384TSN9,A0A8K1SYL6
A0A384TSN9,A0A8K1Y357
A0A384TSN9,B0B211
A0A384TSN9,F1LJR5
A0A384TSS8,A0A384TUJ0
A0A384TSS8,A0A384TUN2
A0A384TSS8,A0A384SYN5
A0A384TSS8,A0A384SYP7
A0A384TSS8,A0A384SYP9
A0A384TSS8,A0A384SYQ6
A0A384TSS8,A0A384SYQ8
A0A384TSS8,A0A384SYR5
A0A384TSS8,A0A384SYR6
A0A384TSS8,A0A384SYS7
A0A384TSS8,A0A384SYT2
A0A384TSS8,A0A384SYT4
A0A384TSS8,A0A384SYT5
A0A384TSS8,A0A384SYT8
A0A384TSS8,A0A384SYU4
A0A384TSS8,A0A384SYU5
A0A384TSS8,A0A384SYV1
A0A384TSS8,A0A384SYV3
A0A384TSS8,A0A384SYV7
A0A384TSS8,A0A384SZB9
A0A384TSS8,A0A384SZD9
A0A384TSS8,A0A384SZE7
A0A384TSS8,A0A384SZF4
A0A384TSS8,A0A384T8W0
A0A384TSS8,A0A384T8X1
A0A384TSS8,A0A384T8X7
A0A384TSS8,A0A384T8Y2
A0A384TSS8,A0A384T8Z5
A0A384TSS8,A0A384TAC9
A0A384TSS8,A0A384TAF1
A0A384TSS8,A0A384TAG3
A0A384TSS8,A0A384TAH8
A0A384TSS8,A0A384TNN5
A0A384TSS8,A0A384TNP5
A0A384TSS8,A0A384TNQ3
A0A384TSS8,A0A384TNS5
A0A384TSS8,A0A384TQ84
A0A384TSS8,A0A384TQ90
A0A384TSS8,A0A384TQA4
A0A384TSS8,A0A384TQC1
A0A384TSS8,A0A384TQC5
A0A384TSS8,A0A384TSP9
A0A384TSS8,A0A384TSQ6
A0A384TSS8,A0A384TSR3
A0A384TSS8,A0A384TSS3
A0A384TSS8,A0A384TST5
A0A384TSS8,A0A384TUI3
A0A384TSS8,A0A384TUJ6
A0A384TSS8,A0A384TUK1
A0A384TSS8,A0A384TUK6
A0A384TSS8,A0A384TUL3
A0A384TSS8,A0A077HBN1
A0A384TSS8,A0A384SYV0
A0A384TSS8,A0A8K1SYL6
A0A384TSS8,A0A8K1Y357
A0A384TSS8,B0B211
A0A384TSS8,F1LJR5
A0A384TUJ0,A0A384TUN2
A0A384TUJ0,A0A384SYN5
A0A384TUJ0,A0A384SYP7
A0A384TUJ0,A0A384SYP9
A0A384TUJ0,A0A384SYQ6
A0A384TUJ0,A0A384SYQ8
A0A384TUJ0,A0A384SYR5
A0A384TUJ0,A0A384SYR6
A0A384TUJ0,A0A384SYS7
A0A384TUJ0,A0A384SYT2
A0A384TUJ0,A0A384SYT4
A0A384TUJ0,A0A384SYT5
A0A384TUJ0,A0A384SYT8
A0A384TUJ0,A0A384SYU4
A0A384TUJ0,A0A384SYU5
A0A384TUJ0,A0A384SYV1
A0A384TUJ0,A0A384SYV3
A0A384TUJ0,A0A384SYV7
A0A384TUJ0,A0A384SZB9
A0A384TUJ0,A0A384SZD9
A0A384TUJ0,A0A384SZE7
A0A384TUJ0,A0A384SZF4
A0A384TUJ0,A0A384T8W0
A0A384TUJ0,A0A384T8X1
A0A384TUJ0,A0A384T8X7
A0A384TUJ0,A0A384T8Y2
A0A384TUJ0,A0A384T8Z5
A0A384TUJ0,A0A384TAC9
A0A384TUJ0,A0A384TAF1
A0A384TUJ0,A0A384TAG3
A0A384TUJ0,A0A384TAH8
A0A384TUJ0,A0A384TNN5
A0A384TUJ0,A0A384TNP5
A0A384TUJ0,A0A384TNQ3
A0A384TUJ0,A0A384TNS5
A0A384TUJ0,A0A384TQ84
A0A384TUJ0,A0A384TQ90
A0A384TUJ0,A0A384TQA4
A0A384TUJ0,A0A384TQC1
A0A384TUJ0,A0A384TQC5
A0A384TUJ0,A0A384TSP9
A0A384TUJ0,A0A384TSQ6
A0A384TUJ0,A0A384TSR3
A0A384TUJ0,A0A384TSS3
A0A384TUJ0,A0A384TST5
A0A384TUJ0,A0A384TUI3
A0A384TUJ0,A0A384TUJ6
A0A384TUJ0,A0A384TUK1
A0A384TUJ0,A0A384TUK6
A0A384TUJ0,A0A384TUL3
A0A384TUJ0,A0A077HBN1
A0A384TUJ0,A0A384SYV0
A0A384TUJ0,A0A8K1SYL6
A0A384TUJ0,A0A8K1Y357
A0A384TUJ0,B0B211
A0A384TUJ0,F1LJR5
A0A384TUN2,A0A384SYN5
A0A384TUN2,A0A384SYP7
A0A384TUN2,A0A384SYP9
A0A384TUN2,A0A384SYQ6
A0A384TUN2,A0A384SYQ8
A0A384TUN2,A0A384SYR5
A0A384TUN2,A0A384SYR6
A0A384TUN2,A0A384SYS7
A0A384TUN2,A0A384SYT2
A0A384TUN2,A0A384SYT4
A0A384TUN2,A0A384SYT5
A0A384TUN2,A0A384SYT8
A0A384TUN2,A0A384SYU4
A0A384TUN2,A0A384SYU5
A0A384TUN2,A0A384SYV1
A0A384TUN2,A0A384SYV3
A0A384TUN2,A0A384SYV7
A0A384TUN2,A0A384SZB9
A0A384TUN2,A0A384SZD9
A0A384TUN2,A0A384SZE7
A0A384TUN2,A0A384SZF4
A0A384TUN2,A0A384T8W0
A0A384TUN2,A0A384T8X1
A0A384TUN2,A0A384T8X7
A0A384TUN2,A0A384T8Y2
A0A384TUN2,A0A384T8Z5
A0A384TUN2,A0A384TAC9
A0A384TUN2,A0A384TAF1
A0A384TUN2,A0A384TAG3
A0A384TUN2,A0A384TAH8
A0A384TUN2,A0A384TNN5
A0A384TUN2,A0A384TNP5
A0A384TUN2,A0A384TNQ3
A0A384TUN2,A0A384TNS5
A0A384TUN2,A0A384TQ84
A0A384TUN2,A0A384TQ90
A0A384TUN2,A0A384TQA4
A0A384TUN2,A0A384TQC1
A0A384TUN2,A0A384TQC5
A0A384TUN2,A0A384TSP9
A0A384TUN2,A0A384TSQ6
A0A384TUN2,A0A384TSR3
A0A384TUN2,A0A384TSS3
A0A384TUN2,A0A384TST5
A0A384TUN2,A0A384TUI3
A0A384TUN2,A0A384TUJ6
A0A384TUN2,A0A384TUK1
A0A384TUN2,A0A384TUK6
A0A384TUN2,A0A384TUL3
A0A384TUN2,A0A077HBN1
A0A384TUN2,A0A384SYV0
A0A384TUN2,A0A8K1SYL6
A0A384TUN2,A0A8K1Y357
A0A384TUN2,B0B211
A0A384TUN2,F1LJR5
A0A384SYN5,A0A384SYP7
A0A384SYN5,A0A384SYP9
A0A384SYN5,A0A384SYQ6
A0A384SYN5,A0A384SYQ8
A0A384SYN5,A0A384SYR5
A0A384SYN5,A0A384SYR6
A0A384SYN5,A0A384SYS7
A0A384SYN5,A0A384SYT2
A0A384SYN5,A0A384SYT4
A0A384SYN5,A0A384SYT5
A0A384SYN5,A0A384SYT8
A0A384SYN5,A0A384SYU4
A0A384SYN5,A0A384SYU5
A0A384SYN5,A0A384SYV1
A0A384SYN5,A0A384SYV3
A0A384SYN5,A0A384SYV7
A0A384SYN5,A0A384SZB9
A0A384SYN5,A0A384SZD9
A0A384SYN5,A0A384SZE7
A0A384SYN5,A0A384SZF4
A0A384SYN5,A0A384T8W0
A0A384SYN5,A0A384T8X1
A0A384SYN5,A0A384T8X7
A0A384SYN5,A0A384T8Y2
A0A384SYN5,A0A384T8Z5
A0A384SYN5,A0A384TAC9
A0A384SYN5,A0A384TAF1
A0A384SYN5,A0A384TAG3
A0A384SYN5,A0A384TAH8
A0A384SYN5,A0A384TNN5
A0A384SYN5,A0A384TNP5
A0A384SYN5,A0A384TNQ3
A0A384SYN5,A0A384TNS5
A0A384SYN5,A0A384TQ84
A0A384SYN5,A0A384TQ90
A0A384SYN5,A0A384TQA4
A0A384SYN5,A0A384TQC1
A0A384SYN5,A0A384TQC5
A0A384SYN5,A0A384TSP9
A0A384SYN5,A0A384TSQ6
A0A384SYN5,A0A384TSR3
A0A384SYN5,A0A384TSS3
A0A384SYN5,A0A384TST5
A0A384SYN5,A0A384TUI3
A0A384SYN5,A0A384TUJ6
A0A384SYN5,A0A384TUK1
A0A384SYN5,A0A384TUK6
A0A384SYN5,A0A384TUL3
A0A384SYN5,A0A077HBN1
A0A384SYN5,A0A384SYV0
A0A384SYN5,A0A8K1SYL6
A0A384SYN5,A0A8K1Y357
A0A384SYN5,B0B211
A0A384SYN5,F1LJR5
A0A384SYP7,A0A384SYP9
A0A384SYP7,A0A384SYQ6
A0A384SYP7,A0A384SYQ8
A0A384SYP7,A0A384SYR5
A0A384SYP7,A0A384SYR6
A0A384SYP7,A0A384SYS7
A0A384SYP7,A0A384SYT2
A0A384SYP7,A0A384SYT4
A0A384SYP7,A0A384SYT5
A0A384SYP7,A0A384SYT8
A0A384SYP7,A0A384SYU4
A0A384SYP7,A0A384SYU5
A0A384SYP7,A0A384SYV1
A0A384SYP7,A0A384SYV3
A0A384SYP7,A0A384SYV7
A0A384SYP7,A0A384SZB9
A0A384SYP7,A0A384SZD9
A0A384SYP7,A0A384SZE7
A0A384SYP7,A0A384SZF4
A0A384SYP7,A0A384T8W0
A0A384SYP7,A0A384T8X1
A0A384SYP7,A0A384T8X7
A0A384SYP7,A0A384T8Y2
A0A384SYP7,A0A384T8Z5
A0A384SYP7,A0A384TAC9
A0A384SYP7,A0A384TAF1
A0A384SYP7,A0A384TAG3
A0A384SYP7,A0A384TAH8
A0A384SYP7,A0A384TNN5
A0A384SYP7,A0A384TNP5
A0A384SYP7,A0A384TNQ3
A0A384SYP7,A0A384TNS5
A0A384SYP7,A0A384TQ84
A0A384SYP7,A0A384TQ90
A0A384SYP7,A0A384TQA4
A0A384SYP7,A0A384TQC1
A0A384SYP7,A0A384TQC5
A0A384SYP7,A0A384TSP9
A0A384SYP7,A0A384TSQ6
A0A384SYP7,A0A384TSR3
A0A384SYP7,A0A384TSS3
A0A384SYP7,A0A384TST5
A0A384SYP7,A0A384TUI3
A0A384SYP7,A0A384TUJ6
A0A384SYP7,A0A384TUK1
A0A384SYP7,A0A384TUK6
A0A384SYP7,A0A384TUL3
A0A384SYP7,A0A077HBN1
A0A384SYP7,A0A384SYV0
A0A384SYP7,A0A8K1SYL6
A0A384SYP7,A0A8K1Y357
A0A384SYP7,B0B211
A0A384SYP7,F1LJR5
A0A384SYP9,A0A384SYQ6
A0A384SYP9,A0A384SYQ8
A0A384SYP9,A0A384SYR5
A0A384SYP9,A0A384SYR6
A0A384SYP9,A0A384SYS7
A0A384SYP9,A0A384SYT2
A0A384SYP9,A0A384SYT4
A0A384SYP9,A0A384SYT5
A0A384SYP9,A0A384SYT8
A0A384SYP9,A0A384SYU4
A0A384SYP9,A0A384SYU5
A0A384SYP9,A0A384SYV1
A0A384SYP9,A0A384SYV3
A0A384SYP9,A0A384SYV7
A0A384SYP9,A0A384SZB9
A0A384SYP9,A0A384SZD9
A0A384SYP9,A0A384SZE7
A0A384SYP9,A0A384SZF4
A0A384SYP9,A0A384T8W0
A0A384SYP9,A0A384T8X1
A0A384SYP9,A0A384T8X7
A0A384SYP9,A0A384T8Y2
A0A384SYP9,A0A384T8Z5
A0A384SYP9,A0A384TAC9
A0A384SYP9,A0A384TAF1
A0A384SYP9,A0A384TAG3
A0A384SYP9,A0A384TAH8
A0A384SYP9,A0A384TNN5
A0A384SYP9,A0A384TNP5
A0A384SYP9,A0A384TNQ3
A0A384SYP9,A0A384TNS5
A0A384SYP9,A0A384TQ84
A0A384SYP9,A0A384TQ90
A0A384SYP9,A0A384TQA4
A0A384SYP9,A0A384TQC1
A0A384SYP9,A0A384TQC5
A0A384SYP9,A0A384TSP9
A0A384SYP9,A0A384TSQ6
A0A384SYP9,A0A384TSR3
A0A384SYP9,A0A384TSS3
A0A384SYP9,A0A384TST5
A0A384SYP9,A0A384TUI3
A0A384SYP9,A0A384TUJ6
A0A384SYP9,A0A384TUK1
A0A384SYP9,A0A384TUK6
A0A384SYP9,A0A384TUL3
A0A384SYP9,A0A077HBN1
A0A384SYP9,A0A384SYV0
A0A384SYP9,A0A8K1SYL6
A0A384SYP9,A0A8K1Y357
A0A384SYP9,B0B211
A0A384SYP9,F1LJR5
A0A384SYQ6,A0A384SYQ8
A0A384SYQ6,A0A384SYR5
A0A384SYQ6,A0A384SYR6
A0A384SYQ6,A0A384SYS7
A0A384SYQ6,A0A384SYT2
A0A384SYQ6,A0A384SYT4
A0A384SYQ6,A0A384SYT5
A0A384SYQ6,A0A384SYT8
A0A384SYQ6,A0A384SYU4
A0A384SYQ6,A0A384SYU5
A0A384SYQ6,A0A384SYV1
A0A384SYQ6,A0A384SYV3
A0A384SYQ6,A0A384SYV7
A0A384SYQ6,A0A384SZB9
A0A384SYQ6,A0A384SZD9
A0A384SYQ6,A0A384SZE7
A0A384SYQ6,A0A384SZF4
A0A384SYQ6,A0A384T8W0
A0A384SYQ6,A0A384T8X1
A0A384SYQ6,A0A384T8X7
A0A384SYQ6,A0A384T8Y2
A0A384SYQ6,A0A384T8Z5
A0A384SYQ6,A0A384TAC9
A0A384SYQ6,A0A384TAF1
A0A384SYQ6,A0A384TAG3
A0A384SYQ6,A0A384TAH8
A0A384SYQ6,A0A384TNN5
A0A384SYQ6,A0A384TNP5
A0A384SYQ6,A0A384TNQ3
A0A384SYQ6,A0A384TNS5
A0A384SYQ6,A0A384TQ84
A0A384SYQ6,A0A384TQ90
A0A384SYQ6,A0A384TQA4
A0A384SYQ6,A0A384TQC1
A0A384SYQ6,A0A384TQC5
A0A384SYQ6,A0A384TSP9
A0A384SYQ6,A0A384TSQ6
A0A384SYQ6,A0A384TSR3
A0A384SYQ6,A0A384TSS3
A0A384SYQ6,A0A384TST5
A0A384SYQ6,A0A384TUI3
A0A384SYQ6,A0A384TUJ6
A0A384SYQ6,A0A384TUK1
A0A384SYQ6,A0A384TUK6
A0A384SYQ6,A0A384TUL3
A0A384SYQ6,A0A077HBN1
A0A384SYQ6,A0A384SYV0
A0A384SYQ6,A0A8K1SYL6
A0A384SYQ6,A0A8K1Y357
A0A384SYQ6,B0B211
A0A384SYQ6,F1LJR5
A0A384SYQ8,A0A384SYR5
A0A384SYQ8,A0A384SYR6
A0A384SYQ8,A0A384SYS7
A0A384SYQ8,A0A384SYT2
A0A384SYQ8,A0A384SYT4
A0A384SYQ8,A0A384SYT5
A0A384SYQ8,A0A384SYT8
A0A384SYQ8,A0A384SYU4
A0A384SYQ8,A0A384SYU5
A0A384SYQ8,A0A384SYV1
A0A384SYQ8,A0A384SYV3
A0A384SYQ8,A0A384SYV7
A0A384SYQ8,A0A384SZB9
A0A384SYQ8,A0A384SZD9
A0A384SYQ8,A0A384SZE7
A0A384SYQ8,A0A384SZF4
A0A384SYQ8,A0A384T8W0
A0A384SYQ8,A0A384T8X1
A0A384SYQ8,A0A384T8X7
A0A384SYQ8,A0A384T8Y2
A0A384SYQ8,A0A384T8Z5
A0A384SYQ8,A0A384TAC9
A0A384SYQ8,A0A384TAF1
A0A384SYQ8,A0A384TAG3
A0A384SYQ8,A0A384TAH8
A0A384SYQ8,A0A384TNN5
A0A384SYQ8,A0A384TNP5
A0A384SYQ8,A0A384TNQ3
A0A384SYQ8,A0A384TNS5
A0A384SYQ8,A0A384TQ84
A0A384SYQ8,A0A384TQ90
A0A384SYQ8,A0A384TQA4
A0A384SYQ8,A0A384TQC1
A0A384SYQ8,A0A384TQC5
A0A384SYQ8,A0A384TSP9
A0A384SYQ8,A0A384TSQ6
A0A384SYQ8,A0A384TSR3
A0A384SYQ8,A0A384TSS3
A0A384SYQ8,A0A384TST5
A0A384SYQ8,A0A384TUI3
A0A384SYQ8,A0A384TUJ6
A0A384SYQ8,A0A384TUK1
A0A384SYQ8,A0A384TUK6
A0A384SYQ8,A0A384TUL3
A0A384SYQ8,A0A077HBN1
A0A384SYQ8,A0A384SYV0
A0A384SYQ8,A0A8K1SYL6
A0A384SYQ8,A0A8K1Y357
A0A384SYQ8,B0B211
A0A384SYQ8,F1LJR5
A0A384SYR5,A0A384SYR6
A0A384SYR5,A0A384SYS7
A0A384SYR5,A0A384SYT2
A0A384SYR5,A0A384SYT4
A0A384SYR5,A0A384SYT5
A0A384SYR5,A0A384SYT8
A0A384SYR5,A0A384SYU4
A0A384SYR5,A0A384SYU5
A0A384SYR5,A0A384SYV1
A0A384SYR5,A0A384SYV3
A0A384SYR5,A0A384SYV7
A0A384SYR5,A0A384SZB9
A0A384SYR5,A0A384SZD9
A0A384SYR5,A0A384SZE7
A0A384SYR5,A0A384SZF4
A0A384SYR5,A0A384T8W0
A0A384SYR5,A0A384T8X1
A0A384SYR5,A0A384T8X7
A0A384SYR5,A0A384T8Y2
A0A384SYR5,A0A384T8Z5
A0A384SYR5,A0A384TAC9
A0A384SYR5,A0A384TAF1
A0A384SYR5,A0A384TAG3
A0A384SYR5,A0A384TAH8
A0A384SYR5,A0A384TNN5
A0A384SYR5,A0A384TNP5
A0A384SYR5,A0A384TNQ3
A0A384SYR5,A0A384TNS5
A0A384SYR5,A0A384TQ84
A0A384SYR5,A0A384TQ90
A0A384SYR5,A0A384TQA4
A0A384SYR5,A0A384TQC1
A0A384SYR5,A0A384TQC5
A0A384SYR5,A0A384TSP9
A0A384SYR5,A0A384TSQ6
A0A384SYR5,A0A384TSR3
A0A384SYR5,A0A384TSS3
A0A384SYR5,A0A384TST5
A0A384SYR5,A0A384TUI3
A0A384SYR5,A0A384TUJ6
A0A384SYR5,A0A384TUK1
A0A384SYR5,A0A384TUK6
A0A384SYR5,A0A384TUL3
A0A384SYR5,A0A077HBN1
A0A384SYR5,A0A384SYV0
A0A384SYR5,A0A8K1SYL6
A0A384SYR5,A0A8K1Y357
A0A384SYR5,B0B211
A0A384SYR5,F1LJR5
A0A384SYR6,A0A384SYS7
A0A384SYR6,A0A384SYT2
A0A384SYR6,A0A384SYT4
A0A384SYR6,A0A384SYT5
A0A384SYR6,A0A384SYT8
A0A384SYR6,A0A384SYU4
A0A384SYR6,A0A384SYU5
A0A384SYR6,A0A384SYV1
A0A384SYR6,A0A384SYV3
A0A384SYR6,A0A384SYV7
A0A384SYR6,A0A384SZB9
A0A384SYR6,A0A384SZD9
A0A384SYR6,A0A384SZE7
A0A384SYR6,A0A384SZF4
A0A384SYR6,A0A384T8W0
A0A384SYR6,A0A384T8X1
A0A384SYR6,A0A384T8X7
A0A384SYR6,A0A384T8Y2
A0A384SYR6,A0A384T8Z5
A0A384SYR6,A0A384TAC9
A0A384SYR6,A0A384TAF1
A0A384SYR6,A0A384TAG3
A0A384SYR6,A0A384TAH8
A0A384SYR6,A0A384TNN5
A0A384SYR6,A0A384TNP5
A0A384SYR6,A0A384TNQ3
A0A384SYR6,A0A384TNS5
A0A384SYR6,A0A384TQ84
A0A384SYR6,A0A384TQ90
A0A384SYR6,A0A384TQA4
A0A384SYR6,A0A384TQC1
A0A384SYR6,A0A384TQC5
A0A384SYR6,A0A384TSP9
A0A384SYR6,A0A384TSQ6
A0A384SYR6,A0A384TSR3
A0A384SYR6,A0A384TSS3
A0A384SYR6,A0A384TST5
A0A384SYR6,A0A384TUI3
A0A384SYR6,A0A384TUJ6
A0A384SYR6,A0A384TUK1
A0A384SYR6,A0A384TUK6
A0A384SYR6,A0A384TUL3
A0A384SYR6,A0A077HBN1
A0A384SYR6,A0A384SYV0
A0A384SYR6,A0A8K1SYL6
A0A384SYR6,A0A8K1Y357
A0A384SYR6,B0B211
A0A384SYR6,F1LJR5
A0A384SYS7,A0A384SYT2
A0A384SYS7,A0A384SYT4
A0A384SYS7,A0A384SYT5
A0A384SYS7,A0A384SYT8
A0A384SYS7,A0A384SYU4
A0A384SYS7,A0A384SYU5
A0A384SYS7,A0A384SYV1
A0A384SYS7,A0A384SYV3
A0A384SYS7,A0A384SYV7
A0A384SYS7,A0A384SZB9
A0A384SYS7,A0A384SZD9
A0A384SYS7,A0A384SZE7
A0A384SYS7,A0A384SZF4
A0A384SYS7,A0A384T8W0
A0A384SYS7,A0A384T8X1
A0A384SYS7,A0A384T8X7
A0A384SYS7,A0A384T8Y2
A0A384SYS7,A0A384T8Z5
A0A384SYS7,A0A384TAC9
A0A384SYS7,A0A384TAF1
A0A384SYS7,A0A384TAG3
A0A384SYS7,A0A384TAH8
A0A384SYS7,A0A384TNN5
A0A384SYS7,A0A384TNP5
A0A384SYS7,A0A384TNQ3
A0A384SYS7,A0A384TNS5
A0A384SYS7,A0A384TQ84
A0A384SYS7,A0A384TQ90
A0A384SYS7,A0A384TQA4
A0A384SYS7,A0A384TQC1
A0A384SYS7,A0A384TQC5
A0A384SYS7,A0A384TSP9
A0A384SYS7,A0A384TSQ6
A0A384SYS7,A0A384TSR3
A0A384SYS7,A0A384TSS3
A0A384SYS7,A0A384TST5
A0A384SYS7,A0A384TUI3
A0A384SYS7,A0A384TUJ6
A0A384SYS7,A0A384TUK1
A0A384SYS7,A0A384TUK6
A0A384SYS7,A0A384TUL3
A0A384SYS7,A0A077HBN1
A0A384SYS7,A0A384SYV0
A0A384SYS7,A0A8K1SYL6
A0A384SYS7,A0A8K1Y357
A0A384SYS7,B0B211
A0A384SYS7,F1LJR5
A0A384SYT2,A0A384SYT4
A0A384SYT2,A0A384SYT5
A0A384SYT2,A0A384SYT8
A0A384SYT2,A0A384SYU4
A0A384SYT2,A0A384SYU5
A0A384SYT2,A0A384SYV1
A0A384SYT2,A0A384SYV3
A0A384SYT2,A0A384SYV7
A0A384SYT2,A0A384SZB9
A0A384SYT2,A0A384SZD9
A0A384SYT2,A0A384SZE7
A0A384SYT2,A0A384SZF4
A0A384SYT2,A0A384T8W0
A0A384SYT2,A0A384T8X1
A0A384SYT2,A0A384T8X7
A0A384SYT2,A0A384T8Y2
A0A384SYT2,A0A384T8Z5
A0A384SYT2,A0A384TAC9
A0A384SYT2,A0A384TAF1
A0A384SYT2,A0A384TAG3
A0A384SYT2,A0A384TAH8
A0A384SYT2,A0A384TNN5
A0A384SYT2,A0A384TNP5
A0A384SYT2,A0A384TNQ3
A0A384SYT2,A0A384TNS5
A0A384SYT2,A0A384TQ84
A0A384SYT2,A0A384TQ90
A0A384SYT2,A0A384TQA4
A0A384SYT2,A0A384TQC1
A0A384SYT2,A0A384TQC5
A0A384SYT2,A0A384TSP9
A0A384SYT2,A0A384TSQ6
A0A384SYT2,A0A384TSR3
A0A384SYT2,A0A384TSS3
A0A384SYT2,A0A384TST5
A0A384SYT2,A0A384TUI3
A0A384SYT2,A0A384TUJ6
A0A384SYT2,A0A384TUK1
A0A384SYT2,A0A384TUK6
A0A384SYT2,A0A384TUL3
A0A384SYT2,A0A077HBN1
A0A384SYT2,A0A384SYV0
A0A384SYT2,A0A8K1SYL6
A0A384SYT2,A0A8K1Y357
A0A384SYT2,B0B211
A0A384SYT2,F1LJR5
A0A384SYT4,A0A384SYT5
A0A384SYT4,A0A384SYT8
A0A384SYT4,A0A384SYU4
A0A384SYT4,A0A384SYU5
A0A384SYT4,A0A384SYV1
A0A384SYT4,A0A384SYV3
A0A384SYT4,A0A384SYV7
A0A384SYT4,A0A384SZB9
A0A384SYT4,A0A384SZD9
A0A384SYT4,A0A384SZE7
A0A384SYT4,A0A384SZF4
A0A384SYT4,A0A384T8W0
A0A384SYT4,A0A384T8X1
A0A384SYT4,A0A384T8X7
A0A384SYT4,A0A384T8Y2
A0A384SYT4,A0A384T8Z5
A0A384SYT4,A0A384TAC9
A0A384SYT4,A0A384TAF1
A0A384SYT4,A0A384TAG3
A0A384SYT4,A0A384TAH8
A0A384SYT4,A0A384TNN5
A0A384SYT4,A0A384TNP5
A0A384SYT4,A0A384TNQ3
A0A384SYT4,A0A384TNS5
A0A384SYT4,A0A384TQ84
A0A384SYT4,A0A384TQ90
A0A384SYT4,A0A384TQA4
A0A384SYT4,A0A384TQC1
A0A384SYT4,A0A384TQC5
A0A384SYT4,A0A384TSP9
A0A384SYT4,A0A384TSQ6
A0A384SYT4,A0A384TSR3
A0A384SYT4,A0A384TSS3
A0A384SYT4,A0A384TST5
A0A384SYT4,A0A384TUI3
A0A384SYT4,A0A384TUJ6
A0A384SYT4,A0A384TUK1
A0A384SYT4,A0A384TUK6
A0A384SYT4,A0A384TUL3
A0A384SYT4,A0A077HBN1
A0A384SYT4,A0A384SYV0
A0A384SYT4,A0A8K1SYL6
A0A384SYT4,A0A8K1Y357
A0A384SYT4,B0B211
A0A384SYT4,F1LJR5
A0A384SYT5,A0A384SYT8
A0A384SYT5,A0A384SYU4
A0A384SYT5,A0A384SYU5
A0A384SYT5,A0A384SYV1
A0A384SYT5,A0A384SYV3
A0A384SYT5,A0A384SYV7
A0A384SYT5,A0A384SZB9
A0A384SYT5,A0A384SZD9
A0A384SYT5,A0A384SZE7
A0A384SYT5,A0A384SZF4
A0A384SYT5,A0A384T8W0
A0A384SYT5,A0A384T8X1
A0A384SYT5,A0A384T8X7
A0A384SYT5,A0A384T8Y2
A0A384SYT5,A0A384T8Z5
A0A384SYT5,A0A384TAC9
A0A384SYT5,A0A384TAF1
A0A384SYT5,A0A384TAG3
A0A384SYT5,A0A384TAH8
A0A384SYT5,A0A384TNN5
A0A384SYT5,A0A384TNP5
A0A384SYT5,A0A384TNQ3
A0A384SYT5,A0A384TNS5
A0A384SYT5,A0A384TQ84
A0A384SYT5,A0A384TQ90
A0A384SYT5,A0A384TQA4
A0A384SYT5,A0A384TQC1
A0A384SYT5,A0A384TQC5
A0A384SYT5,A0A384TSP9
A0A384SYT5,A0A384TSQ6
A0A384SYT5,A0A384TSR3
A0A384SYT5,A0A384TSS3
A0A384SYT5,A0A384TST5
A0A384SYT5,A0A384TUI3
A0A384SYT5,A0A384TUJ6
A0A384SYT5,A0A384TUK1
A0A384SYT5,A0A384TUK6
A0A384SYT5,A0A384TUL3
A0A384SYT5,A0A077HBN1
A0A384SYT5,A0A384SYV0
A0A384SYT5,A0A8K1SYL6
A0A384SYT5,A0A8K1Y357
A0A384SYT5,B0B211
A0A384SYT5,F1LJR5
A0A384SYT8,A0A384SYU4
A0A384SYT8,A0A384SYU5
A0A384SYT8,A0A384SYV1
A0A384SYT8,A0A384SYV3
A0A384SYT8,A0A384SYV7
A0A384SYT8,A0A384SZB9
A0A384SYT8,A0A384SZD9
A0A384SYT8,A0A384SZE7
A0A384SYT8,A0A384SZF4
A0A384SYT8,A0A384T8W0
A0A384SYT8,A0A384T8X1
A0A384SYT8,A0A384T8X7
A0A384SYT8,A0A384T8Y2
A0A384SYT8,A0A384T8Z5
A0A384SYT8,A0A384TAC9
A0A384SYT8,A0A384TAF1
A0A384SYT8,A0A384TAG3
A0A384SYT8,A0A384TAH8
A0A384SYT8,A0A384TNN5
A0A384SYT8,A0A384TNP5
A0A384SYT8,A0A384TNQ3
A0A384SYT8,A0A384TNS5
A0A384SYT8,A0A384TQ84
A0A384SYT8,A0A384TQ90
A0A384SYT8,A0A384TQA4
A0A384SYT8,A0A384TQC1
A0A384SYT8,A0A384TQC5
A0A384SYT8,A0A384TSP9
A0A384SYT8,A0A384TSQ6
A0A384SYT8,A0A384TSR3
A0A384SYT8,A0A384TSS3
A0A384SYT8,A0A384TST5
A0A384SYT8,A0A384TUI3
A0A384SYT8,A0A384TUJ6
A0A384SYT8,A0A384TUK1
A0A384SYT8,A0A384TUK6
A0A384SYT8,A0A384TUL3
A0A384SYT8,A0A077HBN1
A0A384SYT8,A0A384SYV0
A0A384SYT8,A0A8K1SYL6
A0A384SYT8,A0A8K1Y357
A0A384SYT8,B0B211
A0A384SYT8,F1LJR5
A0A384SYU4,A0A384SYU5
A0A384SYU4,A0A384SYV1
A0A384SYU4,A0A384SYV3
A0A384SYU4,A0A384SYV7
A0A384SYU4,A0A384SZB9
A0A384SYU4,A0A384SZD9
A0A384SYU4,A0A384SZE7
A0A384SYU4,A0A384SZF4
A0A384SYU4,A0A384T8W0
A0A384SYU4,A0A384T8X1
A0A384SYU4,A0A384T8X7
A0A384SYU4,A0A384T8Y2
A0A384SYU4,A0A384T8Z5
A0A384SYU4,A0A384TAC9
A0A384SYU4,A0A384TAF1
A0A384SYU4,A0A384TAG3
A0A384SYU4,A0A384TAH8
A0A384SYU4,A0A384TNN5
A0A384SYU4,A0A384TNP5
A0A384SYU4,A0A384TNQ3
A0A384SYU4,A0A384TNS5
A0A384SYU4,A0A384TQ84
A0A384SYU4,A0A384TQ90
A0A384SYU4,A0A384TQA4
A0A384SYU4,A0A384TQC1
A0A384SYU4,A0A384TQC5
A0A384SYU4,A0A384TSP9
A0A384SYU4,A0A384TSQ6
A0A384SYU4,A0A384TSR3
A0A384SYU4,A0A384TSS3
A0A384SYU4,A0A384TST5
A0A384SYU4,A0A384TUI3
A0A384SYU4,A0A384TUJ6
A0A384SYU4,A0A384TUK1
A0A384SYU4,A0A384TUK6
A0A384SYU4,A0A384TUL3
A0A384SYU4,A0A077HBN1
A0A384SYU4,A0A384SYV0
A0A384SYU4,A0A8K1SYL6
A0A384SYU4,A0A8K1Y357
A0A384SYU4,B0B211
A0A384SYU4,F1LJR5
A0A384SYU5,A0A384SYV1
A0A384SYU5,A0A384SYV3
A0A384SYU5,A0A384SYV7
A0A384SYU5,A0A384SZB9
A0A384SYU5,A0A384SZD9
A0A384SYU5,A0A384SZE7
A0A384SYU5,A0A384SZF4
A0A384SYU5,A0A384T8W0
A0A384SYU5,A0A384T8X1
A0A384SYU5,A0A384T8X7
A0A384SYU5,A0A384T8Y2
A0A384SYU5,A0A384T8Z5
A0A384SYU5,A0A384TAC9
A0A384SYU5,A0A384TAF1
A0A384SYU5,A0A384TAG3
A0A384SYU5,A0A384TAH8
A0A384SYU5,A0A384TNN5
A0A384SYU5,A0A384TNP5
A0A384SYU5,A0A384TNQ3
A0A384SYU5,A0A384TNS5
A0A384SYU5,A0A384TQ84
A0A384SYU5,A0A384TQ90
A0A384SYU5,A0A384TQA4
A0A384SYU5,A0A384TQC1
A0A384SYU5,A0A384TQC5
A0A384SYU5,A0A384TSP9
A0A384SYU5,A0A384TSQ6
A0A384SYU5,A0A384TSR3
A0A384SYU5,A0A384TSS3
A0A384SYU5,A0A384TST5
A0A384SYU5,A0A384TUI3
A0A384SYU5,A0A384TUJ6
A0A384SYU5,A0A384TUK1
A0A384SYU5,A0A384TUK6
A0A384SYU5,A0A384TUL3
A0A384SYU5,A0A077HBN1
A0A384SYU5,A0A384SYV0
A0A384SYU5,A0A8K1SYL6
A0A384SYU5,A0A8K1Y357
A0A384SYU5,B0B211
A0A384SYU5,F1LJR5
A0A384SYV1,A0A384SYV3
A0A384SYV1,A0A384SYV7
A0A384SYV1,A0A384SZB9
A0A384SYV1,A0A384SZD9
A0A384SYV1,A0A384SZE7
A0A384SYV1,A0A384SZF4
A0A384SYV1,A0A384T8W0
A0A384SYV1,A0A384T8X1
A0A384SYV1,A0A384T8X7
A0A384SYV1,A0A384T8Y2
A0A384SYV1,A0A384T8Z5
A0A384SYV1,A0A384TAC9
A0A384SYV1,A0A384TAF1
A0A384SYV1,A0A384TAG3
A0A384SYV1,A0A384TAH8
A0A384SYV1,A0A384TNN5
A0A384SYV1,A0A384TNP5
A0A384SYV1,A0A384TNQ3
A0A384SYV1,A0A384TNS5
A0A384SYV1,A0A384TQ84
A0A384SYV1,A0A384TQ90
A0A384SYV1,A0A384TQA4
A0A384SYV1,A0A384TQC1
A0A384SYV1,A0A384TQC5
A0A384SYV1,A0A384TSP9
A0A384SYV1,A0A384TSQ6
A0A384SYV1,A0A384TSR3
A0A384SYV1,A0A384TSS3
A0A384SYV1,A0A384TST5
A0A384SYV1,A0A384TUI3
A0A384SYV1,A0A384TUJ6
A0A384SYV1,A0A384TUK1
A0A384SYV1,A0A384TUK6
A0A384SYV1,A0A384TUL3
A0A384SYV1,A0A077HBN1
A0A384SYV1,A0A384SYV0
A0A384SYV1,A0A8K1SYL6
A0A384SYV1,A0A8K1Y357
A0A384SYV1,B0B211
A0A384SYV1,F1LJR5
A0A384SYV3,A0A384SYV7
A0A384SYV3,A0A384SZB9
A0A384SYV3,A0A384SZD9
A0A384SYV3,A0A384SZE7
A0A384SYV3,A0A384SZF4
A0A384SYV3,A0A384T8W0
A0A384SYV3,A0A384T8X1
A0A384SYV3,A0A384T8X7
A0A384SYV3,A0A384T8Y2
A0A384SYV3,A0A384T8Z5
A0A384SYV3,A0A384TAC9
A0A384SYV3,A0A384TAF1
A0A384SYV3,A0A384TAG3
A0A384SYV3,A0A384TAH8
A0A384SYV3,A0A384TNN5
A0A384SYV3,A0A384TNP5
A0A384SYV3,A0A384TNQ3
A0A384SYV3,A0A384TNS5
A0A384SYV3,A0A384TQ84
A0A384SYV3,A0A384TQ90
A0A384SYV3,A0A384TQA4
A0A384SYV3,A0A384TQC1
A0A384SYV3,A0A384TQC5
A0A384SYV3,A0A384TSP9
A0A384SYV3,A0A384TSQ6
A0A384SYV3,A0A384TSR3
A0A384SYV3,A0A384TSS3
A0A384SYV3,A0A384TST5
A0A384SYV3,A0A384TUI3
A0A384SYV3,A0A384TUJ6
A0A384SYV3,A0A384TUK1
A0A384SYV3,A0A384TUK6
A0A384SYV3,A0A384TUL3
A0A384SYV3,A0A077HBN1
A0A384SYV3,A0A384SYV0
A0A384SYV3,A0A8K1SYL6
A0A384SYV3,A0A8K1Y357
A0A384SYV3,B0B211
A0A384SYV3,F1LJR5
A0A384SYV7,A0A384SZB9
A0A384SYV7,A0A384SZD9
A0A384SYV7,A0A384SZE7
A0A384SYV7,A0A384SZF4
A0A384SYV7,A0A384T8W0
A0A384SYV7,A0A384T8X1
A0A384SYV7,A0A384T8X7
A0A384SYV7,A0A384T8Y2
A0A384SYV7,A0A384T8Z5
A0A384SYV7,A0A384TAC9
A0A384SYV7,A0A384TAF1
A0A384SYV7,A0A384TAG3
A0A384SYV7,A0A384TAH8
A0A384SYV7,A0A384TNN5
A0A384SYV7,A0A384TNP5
A0A384SYV7,A0A384TNQ3
A0A384SYV7,A0A384TNS5
A0A384SYV7,A0A384TQ84
A0A384SYV7,A0A384TQ90
A0A384SYV7,A0A384TQA4
A0A384SYV7,A0A384TQC1
A0A384SYV7,A0A384TQC5
A0A384SYV7,A0A384TSP9
A0A384SYV7,A0A384TSQ6
A0A384SYV7,A0A384TSR3
A0A384SYV7,A0A384TSS3
A0A384SYV7,A0A384TST5
A0A384SYV7,A0A384TUI3
A0A384SYV7,A0A384TUJ6
A0A384SYV7,A0A384TUK1
A0A384SYV7,A0A384TUK6
A0A384SYV7,A0A384TUL3
A0A384SYV7,A0A077HBN1
A0A384SYV7,A0A384SYV0
A0A384SYV7,A0A8K1SYL6
A0A384SYV7,A0A8K1Y357
A0A384SYV7,B0B211
A0A384SYV7,F1LJR5
A0A384SZB9,A0A384SZD9
A0A384SZB9,A0A384SZE7
A0A384SZB9,A0A384SZF4
A0A384SZB9,A0A384T8W0
A0A384SZB9,A0A384T8X1
A0A384SZB9,A0A384T8X7
A0A384SZB9,A0A384T8Y2
A0A384SZB9,A0A384T8Z5
A0A384SZB9,A0A384TAC9
A0A384SZB9,A0A384TAF1
A0A384SZB9,A0A384TAG3
A0A384SZB9,A0A384TAH8
A0A384SZB9,A0A384TNN5
A0A384SZB9,A0A384TNP5
A0A384SZB9,A0A384TNQ3
A0A384SZB9,A0A384TNS5
A0A384SZB9,A0A384TQ84
A0A384SZB9,A0A384TQ90
A0A384SZB9,A0A384TQA4
A0A384SZB9,A0A384TQC1
A0A384SZB9,A0A384TQC5
A0A384SZB9,A0A384TSP9
A0A384SZB9,A0A384TSQ6
A0A384SZB9,A0A384TSR3
A0A384SZB9,A0A384TSS3
A0A384SZB9,A0A384TST5
A0A384SZB9,A0A384TUI3
A0A384SZB9,A0A384TUJ6
A0A384SZB9,A0A384TUK1
A0A384SZB9,A0A384TUK6
A0A384SZB9,A0A384TUL3
A0A384SZB9,A0A077HBN1
A0A384SZB9,A0A384SYV0
A0A384SZB9,A0A8K1SYL6
A0A384SZB9,A0A8K1Y357
A0A384SZB9,B0B211
A0A384SZB9,F1LJR5
A0A384SZD9,A0A384SZE7
A0A384SZD9,A0A384SZF4
A0A384SZD9,A0A384T8W0
A0A384SZD9,A0A384T8X1
A0A384SZD9,A0A384T8X7
A0A384SZD9,A0A384T8Y2
A0A384SZD9,A0A384T8Z5
A0A384SZD9,A0A384TAC9
A0A384SZD9,A0A384TAF1
A0A384SZD9,A0A384TAG3
A0A384SZD9,A0A384TAH8
A0A384SZD9,A0A384TNN5
A0A384SZD9,A0A384TNP5
A0A384SZD9,A0A384TNQ3
A0A384SZD9,A0A384TNS5
A0A384SZD9,A0A384TQ84
A0A384SZD9,A0A384TQ90
A0A384SZD9,A0A384TQA4
A0A384SZD9,A0A384TQC1
A0A384SZD9,A0A384TQC5
A0A384SZD9,A0A384TSP9
A0A384SZD9,A0A384TSQ6
A0A384SZD9,A0A384TSR3
A0A384SZD9,A0A384TSS3
A0A384SZD9,A0A384TST5
A0A384SZD9,A0A384TUI3
A0A384SZD9,A0A384TUJ6
A0A384SZD9,A0A384TUK1
A0A384SZD9,A0A384TUK6
A0A384SZD9,A0A384TUL3
A0A384SZD9,A0A077HBN1
A0A384SZD9,A0A384SYV0
A0A384SZD9,A0A8K1SYL6
A0A384SZD9,A0A8K1Y357
A0A384SZD9,B0B211
A0A384SZD9,F1LJR5
A0A384SZE7,A0A384SZF4
A0A384SZE7,A0A384T8W0
A0A384SZE7,A0A384T8X1
A0A384SZE7,A0A384T8X7
A0A384SZE7,A0A384T8Y2
A0A384SZE7,A0A384T8Z5
A0A384SZE7,A0A384TAC9
A0A384SZE7,A0A384TAF1
A0A384SZE7,A0A384TAG3
A0A384SZE7,A0A384TAH8
A0A384SZE7,A0A384TNN5
A0A384SZE7,A0A384TNP5
A0A384SZE7,A0A384TNQ3
A0A384SZE7,A0A384TNS5
A0A384SZE7,A0A384TQ84
A0A384SZE7,A0A384TQ90
A0A384SZE7,A0A384TQA4
A0A384SZE7,A0A384TQC1
A0A384SZE7,A0A384TQC5
A0A384SZE7,A0A384TSP9
A0A384SZE7,A0A384TSQ6
A0A384SZE7,A0A384TSR3
A0A384SZE7,A0A384TSS3
A0A384SZE7,A0A384TST5
A0A384SZE7,A0A384TUI3
A0A384SZE7,A0A384TUJ6
A0A384SZE7,A0A384TUK1
A0A384SZE7,A0A384TUK6
A0A384SZE7,A0A384TUL3
A0A384SZE7,A0A077HBN1
A0A384SZE7,A0A384SYV0
A0A384SZE7,A0A8K1SYL6
A0A384SZE7,A0A8K1Y357
A0A384SZE7,B0B211
A0A384SZE7,F1LJR5
A0A384SZF4,A0A384T8W0
A0A384SZF4,A0A384T8X1
A0A384SZF4,A0A384T8X7
A0A384SZF4,A0A384T8Y2
A0A384SZF4,A0A384T8Z5
A0A384SZF4,A0A384TAC9
A0A384SZF4,A0A384TAF1
A0A384SZF4,A0A384TAG3
A0A384SZF4,A0A384TAH8
A0A384SZF4,A0A384TNN5
A0A384SZF4,A0A384TNP5
A0A384SZF4,A0A384TNQ3
A0A384SZF4,A0A384TNS5
A0A384SZF4,A0A384TQ84
A0A384SZF4,A0A384TQ90
A0A384SZF4,A0A384TQA4
A0A384SZF4,A0A384TQC1
A0A384SZF4,A0A384TQC5
A0A384SZF4,A0A384TSP9
A0A384SZF4,A0A384TSQ6
A0A384SZF4,A0A384TSR3
A0A384SZF4,A0A384TSS3
A0A384SZF4,A0A384TST5
A0A384SZF4,A0A384TUI3
A0A384SZF4,A0A384TUJ6
A0A384SZF4,A0A384TUK1
A0A384SZF4,A0A384TUK6
A0A384SZF4,A0A384TUL3
A0A384SZF4,A0A077HBN1
A0A384SZF4,A0A384SYV0
A0A384SZF4,A0A8K1SYL6
A0A384SZF4,A0A8K1Y357
A0A384SZF4,B0B211
A0A384SZF4,F1LJR5
A0A384T8W0,A0A384T8X1
A0A384T8W0,A0A384T8X7
A0A384T8W0,A0A384T8Y2
A0A384T8W0,A0A384T8Z5
A0A384T8W0,A0A384TAC9
A0A384T8W0,A0A384TAF1
A0A384T8W0,A0A384TAG3
A0A384T8W0,A0A384TAH8
A0A384T8W0,A0A384TNN5
A0A384T8W0,A0A384TNP5
A0A384T8W0,A0A384TNQ3
A0A384T8W0,A0A384TNS5
A0A384T8W0,A0A384TQ84
A0A384T8W0,A0A384TQ90
A0A384T8W0,A0A384TQA4
A0A384T8W0,A0A384TQC1
A0A384T8W0,A0A384TQC5
A0A384T8W0,A0A384TSP9
A0A384T8W0,A0A384TSQ6
A0A384T8W0,A0A384TSR3
A0A384T8W0,A0A384TSS3
A0A384T8W0,A0A384TST5
A0A384T8W0,A0A384TUI3
A0A384T8W0,A0A384TUJ6
A0A384T8W0,A0A384TUK1
A0A384T8W0,A0A384TUK6
A0A384T8W0,A0A384TUL3
A0A384T8W0,A0A077HBN1
A0A384T8W0,A0A384SYV0
A0A384T8W0,A0A8K1SYL6
A0A384T8W0,A0A8K1Y357
A0A384T8W0,B0B211
A0A384T8W0,F1LJR5
A0A384T8X1,A0A384T8X7
A0A384T8X1,A0A384T8Y2
A0A384T8X1,A0A384T8Z5
A0A384T8X1,A0A384TAC9
A0A384T8X1,A0A384TAF1
A0A384T8X1,A0A384TAG3
A0A384T8X1,A0A384TAH8
A0A384T8X1,A0A384TNN5
A0A384T8X1,A0A384TNP5
A0A384T8X1,A0A384TNQ3
A0A384T8X1,A0A384TNS5
A0A384T8X1,A0A384TQ84
A0A384T8X1,A0A384TQ90
A0A384T8X1,A0A384TQA4
A0A384T8X1,A0A384TQC1
A0A384T8X1,A0A384TQC5
A0A384T8X1,A0A384TSP9
A0A384T8X1,A0A384TSQ6
A0A384T8X1,A0A384TSR3
A0A384T8X1,A0A384TSS3
A0A384T8X1,A0A384TST5
A0A384T8X1,A0A384TUI3
A0A384T8X1,A0A384TUJ6
A0A384T8X1,A0A384TUK1
A0A384T8X1,A0A384TUK6
A0A384T8X1,A0A384TUL3
A0A384T8X1,A0A077HBN1
A0A384T8X1,A0A384SYV0
A0A384T8X1,A0A8K1SYL6
A0A384T8X1,A0A8K1Y357
A0A384T8X1,B0B211
A0A384T8X1,F1LJR5
A0A384T8X7,A0A384T8Y2
A0A384T8X7,A0A384T8Z5
A0A384T8X7,A0A384TAC9
A0A384T8X7,A0A384TAF1
A0A384T8X7,A0A384TAG3
A0A384T8X7,A0A384TAH8
A0A384T8X7,A0A384TNN5
A0A384T8X7,A0A384TNP5
A0A384T8X7,A0A384TNQ3
A0A384T8X7,A0A384TNS5
A0A384T8X7,A0A384TQ84
A0A384T8X7,A0A384TQ90
A0A384T8X7,A0A384TQA4
A0A384T8X7,A0A384TQC1
A0A384T8X7,A0A384TQC5
A0A384T8X7,A0A384TSP9
A0A384T8X7,A0A384TSQ6
A0A384T8X7,A0A384TSR3
A0A384T8X7,A0A384TSS3
A0A384T8X7,A0A384TST5
A0A384T8X7,A0A384TUI3
A0A384T8X7,A0A384TUJ6
A0A384T8X7,A0A384TUK1
A0A384T8X7,A0A384TUK6
A0A384T8X7,A0A384TUL3
A0A384T8X7,A0A077HBN1
A0A384T8X7,A0A384SYV0
A0A384T8X7,A0A8K1SYL6
A0A384T8X7,A0A8K1Y357
A0A384T8X7,B0B211
A0A384T8X7,F1LJR5
A0A384T8Y2,A0A384T8Z5
A0A384T8Y2,A0A384TAC9
A0A384T8Y2,A0A384TAF1
A0A384T8Y2,A0A384TAG3
A0A384T8Y2,A0A384TAH8
A0A384T8Y2,A0A384TNN5
A0A384T8Y2,A0A384TNP5
A0A384T8Y2,A0A384TNQ3
A0A384T8Y2,A0A384TNS5
A0A384T8Y2,A0A384TQ84
A0A384T8Y2,A0A384TQ90
A0A384T8Y2,A0A384TQA4
A0A384T8Y2,A0A384TQC1
A0A384T8Y2,A0A384TQC5
A0A384T8Y2,A0A384TSP9
A0A384T8Y2,A0A384TSQ6
A0A384T8Y2,A0A384TSR3
A0A384T8Y2,A0A384TSS3
A0A384T8Y2,A0A384TST5
A0A384T8Y2,A0A384TUI3
A0A384T8Y2,A0A384TUJ6
A0A384T8Y2,A0A384TUK1
A0A384T8Y2,A0A384TUK6
A0A384T8Y2,A0A384TUL3
A0A384T8Y2,A0A077HBN1
A0A384T8Y2,A0A384SYV0
A0A384T8Y2,A0A8K1SYL6
A0A384T8Y2,A0A8K1Y357
A0A384T8Y2,B0B211
A0A384T8Y2,F1LJR5
A0A384T8Z5,A0A384TAC9
A0A384T8Z5,A0A384TAF1
A0A384T8Z5,A0A384TAG3
A0A384T8Z5,A0A384TAH8
A0A384T8Z5,A0A384TNN5
A0A384T8Z5,A0A384TNP5
A0A384T8Z5,A0A384TNQ3
A0A384T8Z5,A0A384TNS5
A0A384T8Z5,A0A384TQ84
A0A384T8Z5,A0A384TQ90
A0A384T8Z5,A0A384TQA4
A0A384T8Z5,A0A384TQC1
A0A384T8Z5,A0A384TQC5
A0A384T8Z5,A0A384TSP9
A0A384T8Z5,A0A384TSQ6
A0A384T8Z5,A0A384TSR3
A0A384T8Z5,A0A384TSS3
A0A384T8Z5,A0A384TST5
A0A384T8Z5,A0A384TUI3
A0A384T8Z5,A0A384TUJ6
A0A384T8Z5,A0A384TUK1
A0A384T8Z5,A0A384TUK6
A0A384T8Z5,A0A384TUL3
A0A384T8Z5,A0A077HBN1
A0A384T8Z5,A0A384SYV0
A0A384T8Z5,A0A8K1SYL6
A0A384T8Z5,A0A8K1Y357
A0A384T8Z5,B0B211
A0A384T8Z5,F1LJR5
A0A384TAC9,A0A384TAF1
A0A384TAC9,A0A384TAG3
A0A384TAC9,A0A384TAH8
A0A384TAC9,A0A384TNN5
A0A384TAC9,A0A384TNP5
A0A384TAC9,A0A384TNQ3
A0A384TAC9,A0A384TNS5
A0A384TAC9,A0A384TQ84
A0A384TAC9,A0A384TQ90
A0A384TAC9,A0A384TQA4
A0A384TAC9,A0A384TQC1
A0A384TAC9,A0A384TQC5
A0A384TAC9,A0A384TSP9
A0A384TAC9,A0A384TSQ6
A0A384TAC9,A0A384TSR3
A0A384TAC9,A0A384TSS3
A0A384TAC9,A0A384TST5
A0A384TAC9,A0A384TUI3
A0A384TAC9,A0A384TUJ6
A0A384TAC9,A0A384TUK1
A0A384TAC9,A0A384TUK6
A0A384TAC9,A0A384TUL3
A0A384TAC9,A0A077HBN1
A0A384TAC9,A0A384SYV0
A0A384TAC9,A0A8K1SYL6
A0A384TAC9,A0A8K1Y357
A0A384TAC9,B0B211
A0A384TAC9,F1LJR5
A0A384TAF1,A0A384TAG3
A0A384TAF1,A0A384TAH8
A0A384TAF1,A0A384TNN5
A0A384TAF1,A0A384TNP5
A0A384TAF1,A0A384TNQ3
A0A384TAF1,A0A384TNS5
A0A384TAF1,A0A384TQ84
A0A384TAF1,A0A384TQ90
A0A384TAF1,A0A384TQA4
A0A384TAF1,A0A384TQC1
A0A384TAF1,A0A384TQC5
A0A384TAF1,A0A384TSP9
A0A384TAF1,A0A384TSQ6
A0A384TAF1,A0A384TSR3
A0A384TAF1,A0A384TSS3
A0A384TAF1,A0A384TST5
A0A384TAF1,A0A384TUI3
A0A384TAF1,A0A384TUJ6
A0A384TAF1,A0A384TUK1
A0A384TAF1,A0A384TUK6
A0A384TAF1,A0A384TUL3
A0A384TAF1,A0A077HBN1
A0A384TAF1,A0A384SYV0
A0A384TAF1,A0A8K1SYL6
A0A384TAF1,A0A8K1Y357
A0A384TAF1,B0B211
A0A384TAF1,F1LJR5
A0A384TAG3,A0A384TAH8
A0A384TAG3,A0A384TNN5
A0A384TAG3,A0A384TNP5
A0A384TAG3,A0A384TNQ3
A0A384TAG3,A0A384TNS5
A0A384TAG3,A0A384TQ84
A0A384TAG3,A0A384TQ90
A0A384TAG3,A0A384TQA4
A0A384TAG3,A0A384TQC1
A0A384TAG3,A0A384TQC5
A0A384TAG3,A0A384TSP9
A0A384TAG3,A0A384TSQ6
A0A384TAG3,A0A384TSR3
A0A384TAG3,A0A384TSS3
A0A384TAG3,A0A384TST5
A0A384TAG3,A0A384TUI3
A0A384TAG3,A0A384TUJ6
A0A384TAG3,A0A384TUK1
A0A384TAG3,A0A384TUK6
A0A384TAG3,A0A384TUL3
A0A384TAG3,A0A077HBN1
A0A384TAG3,A0A384SYV0
A0A384TAG3,A0A8K1SYL6
A0A384TAG3,A0A8K1Y357
A0A384TAG3,B0B211
A0A384TAG3,F1LJR5
A0A384TAH8,A0A384TNN5
A0A384TAH8,A0A384TNP5
A0A384TAH8,A0A384TNQ3
A0A384TAH8,A0A384TNS5
A0A384TAH8,A0A384TQ84
A0A384TAH8,A0A384TQ90
A0A384TAH8,A0A384TQA4
A0A384TAH8,A0A384TQC1
A0A384TAH8,A0A384TQC5
A0A384TAH8,A0A384TSP9
A0A384TAH8,A0A384TSQ6
A0A384TAH8,A0A384TSR3
A0A384TAH8,A0A384TSS3
A0A384TAH8,A0A384TST5
A0A384TAH8,A0A384TUI3
A0A384TAH8,A0A384TUJ6
A0A384TAH8,A0A384TUK1
A0A384TAH8,A0A384TUK6
A0A384TAH8,A0A384TUL3
A0A384TAH8,A0A077HBN1
A0A384TAH8,A0A384SYV0
A0A384TAH8,A0A8K1SYL6
A0A384TAH8,A0A8K1Y357
A0A384TAH8,B0B211
A0A384TAH8,F1LJR5
A0A384TNN5,A0A384TNP5
A0A384TNN5,A0A384TNQ3
A0A384TNN5,A0A384TNS5
A0A384TNN5,A0A384TQ84
A0A384TNN5,A0A384TQ90
A0A384TNN5,A0A384TQA4
A0A384TNN5,A0A384TQC1
A0A384TNN5,A0A384TQC5
A0A384TNN5,A0A384TSP9
A0A384TNN5,A0A384TSQ6
A0A384TNN5,A0A384TSR3
A0A384TNN5,A0A384TSS3
A0A384TNN5,A0A384TST5
A0A384TNN5,A0A384TUI3
A0A384TNN5,A0A384TUJ6
A0A384TNN5,A0A384TUK1
A0A384TNN5,A0A384TUK6
A0A384TNN5,A0A384TUL3
A0A384TNN5,A0A077HBN1
A0A384TNN5,A0A384SYV0
A0A384TNN5,A0A8K1SYL6
A0A384TNN5,A0A8K1Y357
A0A384TNN5,B0B211
A0A384TNN5,F1LJR5
A0A384TNP5,A0A384TNQ3
A0A384TNP5,A0A384TNS5
A0A384TNP5,A0A384TQ84
A0A384TNP5,A0A384TQ90
A0A384TNP5,A0A384TQA4
A0A384TNP5,A0A384TQC1
A0A384TNP5,A0A384TQC5
A0A384TNP5,A0A384TSP9
A0A384TNP5,A0A384TSQ6
A0A384TNP5,A0A384TSR3
A0A384TNP5,A0A384TSS3
A0A384TNP5,A0A384TST5
A0A384TNP5,A0A384TUI3
A0A384TNP5,A0A384TUJ6
A0A384TNP5,A0A384TUK1
A0A384TNP5,A0A384TUK6
A0A384TNP5,A0A384TUL3
A0A384TNP5,A0A077HBN1
A0A384TNP5,A0A384SYV0
A0A384TNP5,A0A8K1SYL6
A0A384TNP5,A0A8K1Y357
A0A384TNP5,B0B211
A0A384TNP5,F1LJR5
A0A384TNQ3,A0A384TNS5
A0A384TNQ3,A0A384TQ84
A0A384TNQ3,A0A384TQ90
A0A384TNQ3,A0A384TQA4
A0A384TNQ3,A0A384TQC1
A0A384TNQ3,A0A384TQC5
A0A384TNQ3,A0A384TSP9
A0A384TNQ3,A0A384TSQ6
A0A384TNQ3,A0A384TSR3
A0A384TNQ3,A0A384TSS3
A0A384TNQ3,A0A384TST5
A0A384TNQ3,A0A384TUI3
A0A384TNQ3,A0A384TUJ6
A0A384TNQ3,A0A384TUK1
A0A384TNQ3,A0A384TUK6
A0A384TNQ3,A0A384TUL3
A0A384TNQ3,A0A077HBN1
A0A384TNQ3,A0A384SYV0
A0A384TNQ3,A0A8K1SYL6
A0A384TNQ3,A0A8K1Y357
A0A384TNQ3,B0B211
A0A384TNQ3,F1LJR5
A0A384TNS5,A0A384TQ84
A0A384TNS5,A0A384TQ90
A0A384TNS5,A0A384TQA4
A0A384TNS5,A0A384TQC1
A0A384TNS5,A0A384TQC5
A0A384TNS5,A0A384TSP9
A0A384TNS5,A0A384TSQ6
A0A384TNS5,A0A384TSR3
A0A384TNS5,A0A384TSS3
A0A384TNS5,A0A384TST5
A0A384TNS5,A0A384TUI3
A0A384TNS5,A0A384TUJ6
A0A384TNS5,A0A384TUK1
A0A384TNS5,A0A384TUK6
A0A384TNS5,A0A384TUL3
A0A384TNS5,A0A077HBN1
A0A384TNS5,A0A384SYV0
A0A384TNS5,A0A8K1SYL6
A0A384TNS5,A0A8K1Y357
A0A384TNS5,B0B211
A0A384TNS5,F1LJR5
A0A384TQ84,A0A384TQ90
A0A384TQ84,A0A384TQA4
A0A384TQ84,A0A384TQC1
A0A384TQ84,A0A384TQC5
A0A384TQ84,A0A384TSP9
A0A384TQ84,A0A384TSQ6
A0A384TQ84,A0A384TSR3
A0A384TQ84,A0A384TSS3
A0A384TQ84,A0A384TST5
A0A384TQ84,A0A384TUI3
A0A384TQ84,A0A384TUJ6
A0A384TQ84,A0A384TUK1
A0A384TQ84,A0A384TUK6
A0A384TQ84,A0A384TUL3
A0A384TQ84,A0A077HBN1
A0A384TQ84,A0A384SYV0
A0A384TQ84,A0A8K1SYL6
A0A384TQ84,A0A8K1Y357
A0A384TQ84,B0B211
A0A384TQ84,F1LJR5
A0A384TQ90,A0A384TQA4
A0A384TQ90,A0A384TQC1
A0A384TQ90,A0A384TQC5
A0A384TQ90,A0A384TSP9
A0A384TQ90,A0A384TSQ6
A0A384TQ90,A0A384TSR3
A0A384TQ90,A0A384TSS3
A0A384TQ90,A0A384TST5
A0A384TQ90,A0A384TUI3
A0A384TQ90,A0A384TUJ6
A0A384TQ90,A0A384TUK1
A0A384TQ90,A0A384TUK6
A0A384TQ90,A0A384TUL3
A0A384TQ90,A0A077HBN1
A0A384TQ90,A0A384SYV0
A0A384TQ90,A0A8K1SYL6
A0A384TQ90,A0A8K1Y357
A0A384TQ90,B0B211
A0A384TQ90,F1LJR5
A0A384TQA4,A0A384TQC1
A0A384TQA4,A0A384TQC5
A0A384TQA4,A0A384TSP9
A0A384TQA4,A0A384TSQ6
A0A384TQA4,A0A384TSR3
A0A384TQA4,A0A384TSS3
A0A384TQA4,A0A384TST5
A0A384TQA4,A0A384TUI3
A0A384TQA4,A0A384TUJ6
A0A384TQA4,A0A384TUK1
A0A384TQA4,A0A384TUK6
A0A384TQA4,A0A384TUL3
A0A384TQA4,A0A077HBN1
A0A384TQA4,A0A384SYV0
A0A384TQA4,A0A8K1SYL6
A0A384TQA4,A0A8K1Y357
A0A384TQA4,B0B211
A0A384TQA4,F1LJR5
A0A384TQC1,A0A384TQC5
A0A384TQC1,A0A384TSP9
A0A384TQC1,A0A384TSQ6
A0A384TQC1,A0A384TSR3
A0A384TQC1,A0A384TSS3
A0A384TQC1,A0A384TST5
A0A384TQC1,A0A384TUI3
A0A384TQC1,A0A384TUJ6
A0A384TQC1,A0A384TUK1
A0A384TQC1,A0A384TUK6
A0A384TQC1,A0A384TUL3
A0A384TQC1,A0A077HBN1
A0A384TQC1,A0A384SYV0
A0A384TQC1,A0A8K1SYL6
A0A384TQC1,A0A8K1Y357
A0A384TQC1,B0B211
A0A384TQC1,F1LJR5
A0A384TQC5,A0A384TSP9
A0A384TQC5,A0A384TSQ6
A0A384TQC5,A0A384TSR3
A0A384TQC5,A0A384TSS3
A0A384TQC5,A0A384TST5
A0A384TQC5,A0A384TUI3
A0A384TQC5,A0A384TUJ6
A0A384TQC5,A0A384TUK1
A0A384TQC5,A0A384TUK6
A0A384TQC5,A0A384TUL3
A0A384TQC5,A0A077HBN1
A0A384TQC5,A0A384SYV0
A0A384TQC5,A0A8K1SYL6
A0A384TQC5,A0A8K1Y357
A0A384TQC5,B0B211
A0A384TQC5,F1LJR5
A0A384TSP9,A0A384TSQ6
A0A384TSP9,A0A384TSR3
A0A384TSP9,A0A384TSS3
A0A384TSP9,A0A384TST5
A0A384TSP9,A0A384TUI3
A0A384TSP9,A0A384TUJ6
A0A384TSP9,A0A384TUK1
A0A384TSP9,A0A384TUK6
A0A384TSP9,A0A384TUL3
A0A384TSP9,A0A077HBN1
A0A384TSP9,A0A384SYV0
A0A384TSP9,A0A8K1SYL6
A0A384TSP9,A0A8K1Y357
A0A384TSP9,B0B211
A0A384TSP9,F1LJR5
A0A384TSQ6,A0A384TSR3
A0A384TSQ6,A0A384TSS3
A0A384TSQ6,A0A384TST5
A0A384TSQ6,A0A384TUI3
A0A384TSQ6,A0A384TUJ6
A0A384TSQ6,A0A384TUK1
A0A384TSQ6,A0A384TUK6
A0A384TSQ6,A0A384TUL3
A0A384TSQ6,A0A077HBN1
A0A384TSQ6,A0A384SYV0
A0A384TSQ6,A0A8K1SYL6
A0A384TSQ6,A0A8K1Y357
A0A384TSQ6,B0B211
A0A384TSQ6,F1LJR5
A0A384TSR3,A0A384TSS3
A0A384TSR3,A0A384TST5
A0A384TSR3,A0A384TUI3
A0A384TSR3,A0A384TUJ6
A0A384TSR3,A0A384TUK1
A0A384TSR3,A0A384TUK6
A0A384TSR3,A0A384TUL3
A0A384TSR3,A0A077HBN1
A0A384TSR3,A0A384SYV0
A0A384TSR3,A0A8K1SYL6
A0A384TSR3,A0A8K1Y357
A0A384TSR3,B0B211
A0A384TSR3,F1LJR5
A0A384TSS3,A0A384TST5
A0A384TSS3,A0A384TUI3
A0A384TSS3,A0A384TUJ6
A0A384TSS3,A0A384TUK1
A0A384TSS3,A0A384TUK6
A0A384TSS3,A0A384TUL3
A0A384TSS3,A0A077HBN1
A0A384TSS3,A0A384SYV0
A0A384TSS3,A0A8K1SYL6
A0A384TSS3,A0A8K1Y357
A0A384TSS3,B0B211
A0A384TSS3,F1LJR5
A0A384TST5,A0A384TUI3
A0A384TST5,A0A384TUJ6
A0A384TST5,A0A384TUK1
A0A384TST5,A0A384TUK6
A0A384TST5,A0A384TUL3
A0A384TST5,A0A077HBN1
A0A384TST5,A0A384SYV0
A0A384TST5,A0A8K1SYL6
A0A384TST5,A0A8K1Y357
A0A384TST5,B0B211
A0A384TST5,F1LJR5
A0A384TUI3,A0A384TUJ6
A0A384TUI3,A0A384TUK1
A0A384TUI3,A0A384TUK6
A0A384TUI3,A0A384TUL3
A0A384TUI3,A0A077HBN1
A0A384TUI3,A0A384SYV0
A0A384TUI3,A0A8K1SYL6
A0A384TUI3,A0A8K1Y357
A0A384TUI3,B0B211
A0A384TUI3,F1LJR5
A0A384TUJ6,A0A384TUK1
A0A384TUJ6,A0A384TUK6
A0A384TUJ6,A0A384TUL3
A0A384TUJ6,A0A077HBN1
A0A384TUJ6,A0A384SYV0
A0A384TUJ6,A0A8K1SYL6
A0A384TUJ6,A0A8K1Y357
A0A384TUJ6,B0B211
A0A384TUJ6,F1LJR5
A0A384TUK1,A0A384TUK6
A0A384TUK1,A0A384TUL3
A0A384TUK1,A0A077HBN1
A0A384TUK1,A0A384SYV0
A0A384TUK1,A0A8K1SYL6
A0A384TUK1,A0A8K1Y357
A0A384TUK1,B0B211
A0A384TUK1,F1LJR5
A0A384TUK6,A0A384TUL3
A0A384TUK6,A0A077HBN1
A0A384TUK6,A0A384SYV0
A0A384TUK6,A0A8K1SYL6
A0A384TUK6,A0A8K1Y357
A0A384TUK6,B0B211
A0A384TUK6,F1LJR5
A0A384TUL3,A0A077HBN1
A0A384TUL3,A0A384SYV0
A0A384TUL3,A0A8K1SYL6
A0A384TUL3,A0A8K1Y357
A0A384TUL3,B0B211
A0A384TUL3,F1LJR5
A0A077HBN1,A0A384SYV0
A0A077HBN1,A0A8K1SYL6
A0A077HBN1,A0A8K1Y357
A0A077HBN1,B0B211
A0A077HBN1,F1LJR5
A0A384SYV0,A0A8K1SYL6
A0A384SYV0,A0A8K1Y357
A0A384SYV0,B0B211
A0A384SYV0,F1LJR5
A0A8K1SYL6,A0A8K1Y357
A0A8K1SYL6,B0B211
A0A8K1SYL6,F1LJR5
A0A8K1Y357,B0B211
A0A8K1Y357,F1LJR5
B0B211,F1LJR5
