,protein1,protein2,Label_predito,pident1,pident2,precisao
0,A0A384TSM3,A0A384SYQ7,1,99.433,99.789,0.17095033593798878
2,A0A384TSM3,A0A384SYS1,1,99.433,100.0,0.17095033593798878
3,A0A384TSM3,A0A384SYS4,1,99.433,96.835,0.17095033593798878
4,A0A384TSM3,A0A384SYW0,1,99.433,97.647,0.17095033593798878
5,A0A384TSM3,A0A384SYX1,1,99.433,92.877,0.17095033593798878
8,A0A384TSM3,A0A384SZD5,1,99.433,100.0,0.17095033593798878
9,A0A384TSM3,A0A384T8W6,1,99.433,95.161,0.17095033593798878
11,A0A384TSM3,A0A384TAD6,1,99.433,98.638,0.17095033593798878
12,A0A384TSM3,A0A384TAF7,1,99.433,99.07,0.17095033593798878
13,A0A384TSM3,A0A384TAG8,1,99.433,100.0,0.17095033593798878
15,A0A384TSM3,A0A384TNL4,1,99.433,99.717,0.17095033593798878
17,A0A384TSM3,A0A384TNR4,1,99.433,82.172,0.17095033593798878
21,A0A384TSM3,A0A384TSN1,1,99.433,93.709,0.17095033593798878
22,A0A384TSM3,A0A384TSN9,1,99.433,98.8,0.17095033593798878
24,A0A384TSM3,A0A384TUJ0,1,99.433,89.965,0.17095033593798878
25,A0A384TSM3,A0A384TUN2,1,99.433,96.273,0.17095033593798878
29,A0A384TSM3,A0A384SYQ6,1,99.433,90.164,0.17095033593798878
31,A0A384TSM3,A0A384SYR5,1,99.433,95.489,0.17095033593798878
32,A0A384TSM3,A0A384SYR6,1,99.433,100.0,0.17095033593798878
33,A0A384TSM3,A0A384SYS7,1,99.433,96.774,0.17095033593798878
34,A0A384TSM3,A0A384SYT2,1,99.433,100.0,0.17095033593798878
35,A0A384TSM3,A0A384SYT4,1,99.433,97.756,0.17095033593798878
36,A0A384TSM3,A0A384SYT5,1,99.433,98.63,0.17095033593798878
39,A0A384TSM3,A0A384SYV1,1,99.433,90.4,0.17095033593798878
40,A0A384TSM3,A0A384SZB9,1,99.433,98.387,0.17095033593798878
42,A0A384TSM3,A0A384T8X1,1,99.433,86.957,0.17095033593798878
44,A0A384TSM3,A0A384T8Z5,1,99.433,91.477,0.17095033593798878
46,A0A384TSM3,A0A384TAF1,1,99.433,100.0,0.17095033593798878
48,A0A384TSM3,A0A384TAH8,1,99.433,91.176,0.17095033593798878
49,A0A384TSM3,A0A384TNN5,1,99.433,100.0,0.17095033593798878
50,A0A384TSM3,A0A384TNP5,1,99.433,99.409,0.17095033593798878
53,A0A384TSM3,A0A384TQ84,1,99.433,100.0,0.17095033593798878
54,A0A384TSM3,A0A384TQ90,1,99.433,100.0,0.17095033593798878
55,A0A384TSM3,A0A384TQA4,1,99.433,95.0,0.17095033593798878
56,A0A384TSM3,A0A384TQC1,1,99.433,87.313,0.17095033593798878
58,A0A384TSM3,A0A384TSP9,1,99.433,91.892,0.17095033593798878
59,A0A384TSM3,A0A384TSQ6,1,99.433,97.727,0.17095033593798878
60,A0A384TSM3,A0A384TSR3,1,99.433,100.0,0.17095033593798878
69,A0A384SYQ7,A0A384SYS1,1,99.789,100.0,0.17095033593798878
72,A0A384SYQ7,A0A384SYX1,1,99.789,92.877,0.17095033593798878
75,A0A384SYQ7,A0A384SZD5,1,99.789,100.0,0.17095033593798878
76,A0A384SYQ7,A0A384T8W6,1,99.789,95.161,0.17095033593798878
78,A0A384SYQ7,A0A384TAD6,1,99.789,98.638,0.17095033593798878
79,A0A384SYQ7,A0A384TAF7,1,99.789,99.07,0.17095033593798878
80,A0A384SYQ7,A0A384TAG8,1,99.789,100.0,0.17095033593798878
82,A0A384SYQ7,A0A384TNL4,1,99.789,99.717,0.17095033593798878
84,A0A384SYQ7,A0A384TNR4,1,99.789,82.172,0.17095033593798878
88,A0A384SYQ7,A0A384TSN1,1,99.789,93.709,0.17095033593798878
89,A0A384SYQ7,A0A384TSN9,1,99.789,98.8,0.17095033593798878
92,A0A384SYQ7,A0A384TUN2,1,99.789,96.273,0.17095033593798878
96,A0A384SYQ7,A0A384SYQ6,1,99.789,90.164,0.17095033593798878
99,A0A384SYQ7,A0A384SYR6,1,99.789,100.0,0.17095033593798878
100,A0A384SYQ7,A0A384SYS7,1,99.789,96.774,0.17095033593798878
101,A0A384SYQ7,A0A384SYT2,1,99.789,100.0,0.17095033593798878
102,A0A384SYQ7,A0A384SYT4,1,99.789,97.756,0.17095033593798878
103,A0A384SYQ7,A0A384SYT5,1,99.789,98.63,0.17095033593798878
107,A0A384SYQ7,A0A384SZB9,1,99.789,98.387,0.17095033593798878
113,A0A384SYQ7,A0A384TAF1,1,99.789,100.0,0.17095033593798878
115,A0A384SYQ7,A0A384TAH8,1,99.789,91.176,0.17095033593798878
116,A0A384SYQ7,A0A384TNN5,1,99.789,100.0,0.17095033593798878
117,A0A384SYQ7,A0A384TNP5,1,99.789,99.409,0.17095033593798878
120,A0A384SYQ7,A0A384TQ84,1,99.789,100.0,0.17095033593798878
121,A0A384SYQ7,A0A384TQ90,1,99.789,100.0,0.17095033593798878
122,A0A384SYQ7,A0A384TQA4,1,99.789,95.0,0.17095033593798878
123,A0A384SYQ7,A0A384TQC1,1,99.789,87.313,0.17095033593798878
125,A0A384SYQ7,A0A384TSP9,1,99.789,91.892,0.17095033593798878
126,A0A384SYQ7,A0A384TSQ6,1,99.789,97.727,0.17095033593798878
127,A0A384SYQ7,A0A384TSR3,1,99.789,100.0,0.17095033593798878
146,A0A384SYR4,A0A384TAG8,1,97.263,100.0,0.17095033593798878
189,A0A384SYR4,A0A384TQC1,1,97.263,87.313,0.17095033593798878
190,A0A384SYR4,A0A384TQC5,1,97.263,98.065,0.17095033593798878
201,A0A384SYS1,A0A384SYS4,1,100.0,96.835,0.17095033593798878
203,A0A384SYS1,A0A384SYX1,1,100.0,92.877,0.17095033593798878
206,A0A384SYS1,A0A384SZD5,1,100.0,100.0,0.17095033593798878
209,A0A384SYS1,A0A384TAD6,1,100.0,98.638,0.17095033593798878
210,A0A384SYS1,A0A384TAF7,1,100.0,99.07,0.17095033593798878
211,A0A384SYS1,A0A384TAG8,1,100.0,100.0,0.17095033593798878
213,A0A384SYS1,A0A384TNL4,1,100.0,99.717,0.17095033593798878
215,A0A384SYS1,A0A384TNR4,1,100.0,82.172,0.17095033593798878
220,A0A384SYS1,A0A384TSN9,1,100.0,98.8,0.17095033593798878
221,A0A384SYS1,A0A384TSS8,1,100.0,98.02,0.17095033593798878
223,A0A384SYS1,A0A384TUN2,1,100.0,96.273,0.17095033593798878
225,A0A384SYS1,A0A384SYP7,1,100.0,94.565,0.17095033593798878
227,A0A384SYS1,A0A384SYQ6,1,100.0,90.164,0.17095033593798878
229,A0A384SYS1,A0A384SYR5,1,100.0,95.489,0.17095033593798878
230,A0A384SYS1,A0A384SYR6,1,100.0,100.0,0.17095033593798878
231,A0A384SYS1,A0A384SYS7,1,100.0,96.774,0.17095033593798878
232,A0A384SYS1,A0A384SYT2,1,100.0,100.0,0.17095033593798878
233,A0A384SYS1,A0A384SYT4,1,100.0,97.756,0.17095033593798878
234,A0A384SYS1,A0A384SYT5,1,100.0,98.63,0.17095033593798878
238,A0A384SYS1,A0A384SZB9,1,100.0,98.387,0.17095033593798878
242,A0A384SYS1,A0A384T8Z5,1,100.0,91.477,0.17095033593798878
244,A0A384SYS1,A0A384TAF1,1,100.0,100.0,0.17095033593798878
245,A0A384SYS1,A0A384TAG3,1,100.0,93.478,0.17095033593798878
246,A0A384SYS1,A0A384TAH8,1,100.0,91.176,0.17095033593798878
247,A0A384SYS1,A0A384TNN5,1,100.0,100.0,0.17095033593798878
248,A0A384SYS1,A0A384TNP5,1,100.0,99.409,0.17095033593798878
251,A0A384SYS1,A0A384TQ84,1,100.0,100.0,0.17095033593798878
252,A0A384SYS1,A0A384TQ90,1,100.0,100.0,0.17095033593798878
253,A0A384SYS1,A0A384TQA4,1,100.0,95.0,0.17095033593798878
256,A0A384SYS1,A0A384TSP9,1,100.0,91.892,0.17095033593798878
257,A0A384SYS1,A0A384TSQ6,1,100.0,97.727,0.17095033593798878
258,A0A384SYS1,A0A384TSR3,1,100.0,100.0,0.17095033593798878
266,A0A384SYS4,A0A384SYW0,1,96.835,97.647,0.17095033593798878
267,A0A384SYS4,A0A384SYX1,1,96.835,92.877,0.17095033593798878
270,A0A384SYS4,A0A384SZD5,1,96.835,100.0,0.17095033593798878
271,A0A384SYS4,A0A384T8W6,1,96.835,95.161,0.17095033593798878
273,A0A384SYS4,A0A384TAD6,1,96.835,98.638,0.17095033593798878
274,A0A384SYS4,A0A384TAF7,1,96.835,99.07,0.17095033593798878
275,A0A384SYS4,A0A384TAG8,1,96.835,100.0,0.17095033593798878
277,A0A384SYS4,A0A384TNL4,1,96.835,99.717,0.17095033593798878
278,A0A384SYS4,A0A384TNM2,1,96.835,98.333,0.17095033593798878
279,A0A384SYS4,A0A384TNR4,1,96.835,82.172,0.17095033593798878
280,A0A384SYS4,A0A384TQ98,1,96.835,96.0,0.17095033593798878
282,A0A384SYS4,A0A384TQD4,1,96.835,93.54,0.17095033593798878
283,A0A384SYS4,A0A384TSN1,1,96.835,93.709,0.17095033593798878
285,A0A384SYS4,A0A384TSS8,1,96.835,98.02,0.17095033593798878
287,A0A384SYS4,A0A384TUN2,1,96.835,96.273,0.17095033593798878
291,A0A384SYS4,A0A384SYQ6,1,96.835,90.164,0.17095033593798878
292,A0A384SYS4,A0A384SYQ8,1,96.835,95.0,0.17095033593798878
294,A0A384SYS4,A0A384SYR6,1,96.835,100.0,0.17095033593798878
295,A0A384SYS4,A0A384SYS7,1,96.835,96.774,0.17095033593798878
298,A0A384SYS4,A0A384SYT5,1,96.835,98.63,0.17095033593798878
301,A0A384SYS4,A0A384SYV1,1,96.835,90.4,0.17095033593798878
302,A0A384SYS4,A0A384SZB9,1,96.835,98.387,0.17095033593798878
306,A0A384SYS4,A0A384T8Z5,1,96.835,91.477,0.17095033593798878
308,A0A384SYS4,A0A384TAF1,1,96.835,100.0,0.17095033593798878
310,A0A384SYS4,A0A384TAH8,1,96.835,91.176,0.17095033593798878
315,A0A384SYS4,A0A384TQ84,1,96.835,100.0,0.17095033593798878
320,A0A384SYS4,A0A384TSP9,1,96.835,91.892,0.17095033593798878
321,A0A384SYS4,A0A384TSQ6,1,96.835,97.727,0.17095033593798878
322,A0A384SYS4,A0A384TSR3,1,96.835,100.0,0.17095033593798878
330,A0A384SYW0,A0A384SYX1,1,97.647,92.877,0.17095033593798878
334,A0A384SYW0,A0A384T8W6,1,97.647,95.161,0.17095033593798878
338,A0A384SYW0,A0A384TAG8,1,97.647,100.0,0.17095033593798878
341,A0A384SYW0,A0A384TNM2,1,97.647,98.333,0.17095033593798878
342,A0A384SYW0,A0A384TNR4,1,97.647,82.172,0.17095033593798878
343,A0A384SYW0,A0A384TQ98,1,97.647,96.0,0.17095033593798878
345,A0A384SYW0,A0A384TQD4,1,97.647,93.54,0.17095033593798878
347,A0A384SYW0,A0A384TSN9,1,97.647,98.8,0.17095033593798878
348,A0A384SYW0,A0A384TSS8,1,97.647,98.02,0.17095033593798878
350,A0A384SYW0,A0A384TUN2,1,97.647,96.273,0.17095033593798878
358,A0A384SYW0,A0A384SYS7,1,97.647,96.774,0.17095033593798878
364,A0A384SYW0,A0A384SYV1,1,97.647,90.4,0.17095033593798878
369,A0A384SYW0,A0A384T8Z5,1,97.647,91.477,0.17095033593798878
373,A0A384SYW0,A0A384TAH8,1,97.647,91.176,0.17095033593798878
383,A0A384SYW0,A0A384TSP9,1,97.647,91.892,0.17095033593798878
395,A0A384SYX1,A0A384SZD5,1,92.877,100.0,0.17095033593798878
396,A0A384SYX1,A0A384T8W6,1,92.877,95.161,0.17095033593798878
399,A0A384SYX1,A0A384TAF7,1,92.877,99.07,0.17095033593798878
400,A0A384SYX1,A0A384TAG8,1,92.877,100.0,0.17095033593798878
403,A0A384SYX1,A0A384TNM2,1,92.877,98.333,0.17095033593798878
404,A0A384SYX1,A0A384TNR4,1,92.877,82.172,0.17095033593798878
405,A0A384SYX1,A0A384TQ98,1,92.877,96.0,0.17095033593798878
407,A0A384SYX1,A0A384TQD4,1,92.877,93.54,0.17095033593798878
408,A0A384SYX1,A0A384TSN1,1,92.877,93.709,0.17095033593798878
410,A0A384SYX1,A0A384TSS8,1,92.877,98.02,0.17095033593798878
412,A0A384SYX1,A0A384TUN2,1,92.877,96.273,0.17095033593798878
416,A0A384SYX1,A0A384SYQ6,1,92.877,90.164,0.17095033593798878
419,A0A384SYX1,A0A384SYR6,1,92.877,100.0,0.17095033593798878
420,A0A384SYX1,A0A384SYS7,1,92.877,96.774,0.17095033593798878
423,A0A384SYX1,A0A384SYT5,1,92.877,98.63,0.17095033593798878
426,A0A384SYX1,A0A384SYV1,1,92.877,90.4,0.17095033593798878
427,A0A384SYX1,A0A384SZB9,1,92.877,98.387,0.17095033593798878
431,A0A384SYX1,A0A384T8Z5,1,92.877,91.477,0.17095033593798878
433,A0A384SYX1,A0A384TAF1,1,92.877,100.0,0.17095033593798878
435,A0A384SYX1,A0A384TAH8,1,92.877,91.176,0.17095033593798878
440,A0A384SYX1,A0A384TQ84,1,92.877,100.0,0.17095033593798878
445,A0A384SYX1,A0A384TSP9,1,92.877,91.892,0.17095033593798878
446,A0A384SYX1,A0A384TSQ6,1,92.877,97.727,0.17095033593798878
447,A0A384SYX1,A0A384TSR3,1,92.877,100.0,0.17095033593798878
455,A0A384SZB3,A0A384SZC7,1,100.0,97.39,0.17095033593798878
461,A0A384SZB3,A0A384TAG8,1,100.0,100.0,0.17095033593798878
462,A0A384SZB3,A0A384TNK5,1,100.0,96.64,0.17095033593798878
465,A0A384SZB3,A0A384TNR4,1,100.0,82.172,0.17095033593798878
469,A0A384SZB3,A0A384TSN1,1,100.0,93.709,0.17095033593798878
472,A0A384SZB3,A0A384TUJ0,1,100.0,89.965,0.17095033593798878
475,A0A384SZB3,A0A384SYP7,1,100.0,94.565,0.17095033593798878
476,A0A384SZB3,A0A384SYP9,1,100.0,95.547,0.17095033593798878
477,A0A384SZB3,A0A384SYQ6,1,100.0,90.164,0.17095033593798878
478,A0A384SZB3,A0A384SYQ8,1,100.0,95.0,0.17095033593798878
479,A0A384SZB3,A0A384SYR5,1,100.0,95.489,0.17095033593798878
481,A0A384SZB3,A0A384SYS7,1,100.0,96.774,0.17095033593798878
492,A0A384SZB3,A0A384T8Z5,1,100.0,91.477,0.17095033593798878
496,A0A384SZB3,A0A384TAH8,1,100.0,91.176,0.17095033593798878
522,A0A384SZC7,A0A384TNK5,1,97.39,96.64,0.17095033593798878
535,A0A384SZC7,A0A384SYP7,1,97.39,94.565,0.17095033593798878
536,A0A384SZC7,A0A384SYP9,1,97.39,95.547,0.17095033593798878
537,A0A384SZC7,A0A384SYQ6,1,97.39,90.164,0.17095033593798878
539,A0A384SZC7,A0A384SYR5,1,97.39,95.489,0.17095033593798878
550,A0A384SZC7,A0A384T8X1,1,97.39,86.957,0.17095033593798878
564,A0A384SZC7,A0A384TQC1,1,97.39,87.313,0.17095033593798878
576,A0A384SZD5,A0A384T8W6,1,100.0,95.161,0.17095033593798878
578,A0A384SZD5,A0A384TAD6,1,100.0,98.638,0.17095033593798878
579,A0A384SZD5,A0A384TAF7,1,100.0,99.07,0.17095033593798878
580,A0A384SZD5,A0A384TAG8,1,100.0,100.0,0.17095033593798878
582,A0A384SZD5,A0A384TNL4,1,100.0,99.717,0.17095033593798878
583,A0A384SZD5,A0A384TNM2,1,100.0,98.333,0.17095033593798878
584,A0A384SZD5,A0A384TNR4,1,100.0,82.172,0.17095033593798878
588,A0A384SZD5,A0A384TSN1,1,100.0,93.709,0.17095033593798878
589,A0A384SZD5,A0A384TSN9,1,100.0,98.8,0.17095033593798878
590,A0A384SZD5,A0A384TSS8,1,100.0,98.02,0.17095033593798878
592,A0A384SZD5,A0A384TUN2,1,100.0,96.273,0.17095033593798878
596,A0A384SZD5,A0A384SYQ6,1,100.0,90.164,0.17095033593798878
599,A0A384SZD5,A0A384SYR6,1,100.0,100.0,0.17095033593798878
600,A0A384SZD5,A0A384SYS7,1,100.0,96.774,0.17095033593798878
601,A0A384SZD5,A0A384SYT2,1,100.0,100.0,0.17095033593798878
602,A0A384SZD5,A0A384SYT4,1,100.0,97.756,0.17095033593798878
603,A0A384SZD5,A0A384SYT5,1,100.0,98.63,0.17095033593798878
606,A0A384SZD5,A0A384SYV1,1,100.0,90.4,0.17095033593798878
607,A0A384SZD5,A0A384SZB9,1,100.0,98.387,0.17095033593798878
611,A0A384SZD5,A0A384T8Z5,1,100.0,91.477,0.17095033593798878
613,A0A384SZD5,A0A384TAF1,1,100.0,100.0,0.17095033593798878
615,A0A384SZD5,A0A384TAH8,1,100.0,91.176,0.17095033593798878
616,A0A384SZD5,A0A384TNN5,1,100.0,100.0,0.17095033593798878
617,A0A384SZD5,A0A384TNP5,1,100.0,99.409,0.17095033593798878
620,A0A384SZD5,A0A384TQ84,1,100.0,100.0,0.17095033593798878
621,A0A384SZD5,A0A384TQ90,1,100.0,100.0,0.17095033593798878
622,A0A384SZD5,A0A384TQA4,1,100.0,95.0,0.17095033593798878
625,A0A384SZD5,A0A384TSP9,1,100.0,91.892,0.17095033593798878
626,A0A384SZD5,A0A384TSQ6,1,100.0,97.727,0.17095033593798878
627,A0A384SZD5,A0A384TSR3,1,100.0,100.0,0.17095033593798878
635,A0A384T8W6,A0A384T8Y8,1,95.161,86.28,0.17095033593798878
636,A0A384T8W6,A0A384TAD6,1,95.161,98.638,0.17095033593798878
638,A0A384T8W6,A0A384TAG8,1,95.161,100.0,0.17095033593798878
642,A0A384T8W6,A0A384TNR4,1,95.161,82.172,0.17095033593798878
643,A0A384T8W6,A0A384TQ98,1,95.161,96.0,0.17095033593798878
645,A0A384T8W6,A0A384TQD4,1,95.161,93.54,0.17095033593798878
646,A0A384T8W6,A0A384TSN1,1,95.161,93.709,0.17095033593798878
647,A0A384T8W6,A0A384TSN9,1,95.161,98.8,0.17095033593798878
649,A0A384T8W6,A0A384TUJ0,1,95.161,89.965,0.17095033593798878
650,A0A384T8W6,A0A384TUN2,1,95.161,96.273,0.17095033593798878
651,A0A384T8W6,A0A384SYN5,1,95.161,97.248,0.17095033593798878
655,A0A384T8W6,A0A384SYQ8,1,95.161,95.0,0.17095033593798878
656,A0A384T8W6,A0A384SYR5,1,95.161,95.489,0.17095033593798878
662,A0A384T8W6,A0A384SYT8,1,95.161,97.458,0.17095033593798878
669,A0A384T8W6,A0A384T8Z5,1,95.161,91.477,0.17095033593798878
670,A0A384T8W6,A0A384TAC9,1,95.161,95.339,0.17095033593798878
672,A0A384T8W6,A0A384TAG3,1,95.161,93.478,0.17095033593798878
673,A0A384T8W6,A0A384TAH8,1,95.161,91.176,0.17095033593798878
677,A0A384T8W6,A0A384TNS5,1,95.161,83.333,0.17095033593798878
681,A0A384T8W6,A0A384TQC1,1,95.161,87.313,0.17095033593798878
682,A0A384T8W6,A0A384TQC5,1,95.161,98.065,0.17095033593798878
686,A0A384T8W6,A0A384TSS3,1,95.161,94.182,0.17095033593798878
687,A0A384T8W6,A0A384TUI3,1,95.161,88.158,0.17095033593798878
689,A0A384T8W6,A0A384TUK6,1,95.161,94.118,0.17095033593798878
690,A0A384T8W6,A0A384TUL3,1,95.161,93.478,0.17095033593798878
712,A0A384T8Y8,A0A384SYQ8,1,86.28,95.0,0.17095033593798878
727,A0A384T8Y8,A0A384TAC9,1,86.28,95.339,0.17095033593798878
729,A0A384T8Y8,A0A384TAG3,1,86.28,93.478,0.17095033593798878
733,A0A384T8Y8,A0A384TNQ3,1,86.28,95.902,0.17095033593798878
738,A0A384T8Y8,A0A384TQC1,1,86.28,87.313,0.17095033593798878
744,A0A384T8Y8,A0A384TUI3,1,86.28,88.158,0.17095033593798878
750,A0A384TAD6,A0A384TAF7,1,98.638,99.07,0.17095033593798878
751,A0A384TAD6,A0A384TAG8,1,98.638,100.0,0.17095033593798878
753,A0A384TAD6,A0A384TNL4,1,98.638,99.717,0.17095033593798878
760,A0A384TAD6,A0A384TSN9,1,98.638,98.8,0.17095033593798878
763,A0A384TAD6,A0A384TUN2,1,98.638,96.273,0.17095033593798878
788,A0A384TAD6,A0A384TNP5,1,98.638,99.409,0.17095033593798878
791,A0A384TAD6,A0A384TQ84,1,98.638,100.0,0.17095033593798878
794,A0A384TAD6,A0A384TQC1,1,98.638,87.313,0.17095033593798878
796,A0A384TAD6,A0A384TSP9,1,98.638,91.892,0.17095033593798878
797,A0A384TAD6,A0A384TSQ6,1,98.638,97.727,0.17095033593798878
806,A0A384TAF7,A0A384TAG8,1,99.07,100.0,0.17095033593798878
808,A0A384TAF7,A0A384TNL4,1,99.07,99.717,0.17095033593798878
813,A0A384TAF7,A0A384TQD4,1,99.07,93.54,0.17095033593798878
815,A0A384TAF7,A0A384TSN9,1,99.07,98.8,0.17095033593798878
818,A0A384TAF7,A0A384TUN2,1,99.07,96.273,0.17095033593798878
822,A0A384TAF7,A0A384SYQ6,1,99.07,90.164,0.17095033593798878
825,A0A384TAF7,A0A384SYR6,1,99.07,100.0,0.17095033593798878
826,A0A384TAF7,A0A384SYS7,1,99.07,96.774,0.17095033593798878
827,A0A384TAF7,A0A384SYT2,1,99.07,100.0,0.17095033593798878
828,A0A384TAF7,A0A384SYT4,1,99.07,97.756,0.17095033593798878
829,A0A384TAF7,A0A384SYT5,1,99.07,98.63,0.17095033593798878
832,A0A384TAF7,A0A384SYV1,1,99.07,90.4,0.17095033593798878
833,A0A384TAF7,A0A384SZB9,1,99.07,98.387,0.17095033593798878
839,A0A384TAF7,A0A384TAF1,1,99.07,100.0,0.17095033593798878
842,A0A384TAF7,A0A384TNN5,1,99.07,100.0,0.17095033593798878
846,A0A384TAF7,A0A384TQ84,1,99.07,100.0,0.17095033593798878
847,A0A384TAF7,A0A384TQ90,1,99.07,100.0,0.17095033593798878
848,A0A384TAF7,A0A384TQA4,1,99.07,95.0,0.17095033593798878
851,A0A384TAF7,A0A384TSP9,1,99.07,91.892,0.17095033593798878
852,A0A384TAF7,A0A384TSQ6,1,99.07,97.727,0.17095033593798878
853,A0A384TAF7,A0A384TSR3,1,99.07,100.0,0.17095033593798878
862,A0A384TAG8,A0A384TNL4,1,100.0,99.717,0.17095033593798878
863,A0A384TAG8,A0A384TNM2,1,100.0,98.333,0.17095033593798878
864,A0A384TAG8,A0A384TNR4,1,100.0,82.172,0.17095033593798878
865,A0A384TAG8,A0A384TQ98,1,100.0,96.0,0.17095033593798878
867,A0A384TAG8,A0A384TQD4,1,100.0,93.54,0.17095033593798878
869,A0A384TAG8,A0A384TSN9,1,100.0,98.8,0.17095033593798878
872,A0A384TAG8,A0A384TUN2,1,100.0,96.273,0.17095033593798878
879,A0A384TAG8,A0A384SYR6,1,100.0,100.0,0.17095033593798878
880,A0A384TAG8,A0A384SYS7,1,100.0,96.774,0.17095033593798878
882,A0A384TAG8,A0A384SYT4,1,100.0,97.756,0.17095033593798878
883,A0A384TAG8,A0A384SYT5,1,100.0,98.63,0.17095033593798878
886,A0A384TAG8,A0A384SYV1,1,100.0,90.4,0.17095033593798878
887,A0A384TAG8,A0A384SZB9,1,100.0,98.387,0.17095033593798878
893,A0A384TAG8,A0A384TAF1,1,100.0,100.0,0.17095033593798878
897,A0A384TAG8,A0A384TNP5,1,100.0,99.409,0.17095033593798878
905,A0A384TAG8,A0A384TSP9,1,100.0,91.892,0.17095033593798878
906,A0A384TAG8,A0A384TSQ6,1,100.0,97.727,0.17095033593798878
907,A0A384TAG8,A0A384TSR3,1,100.0,100.0,0.17095033593798878
921,A0A384TNK5,A0A384TSN1,1,96.64,93.709,0.17095033593798878
924,A0A384TNK5,A0A384TUJ0,1,96.64,89.965,0.17095033593798878
927,A0A384TNK5,A0A384SYP7,1,96.64,94.565,0.17095033593798878
928,A0A384TNK5,A0A384SYP9,1,96.64,95.547,0.17095033593798878
929,A0A384TNK5,A0A384SYQ6,1,96.64,90.164,0.17095033593798878
931,A0A384TNK5,A0A384SYR5,1,96.64,95.489,0.17095033593798878
942,A0A384TNK5,A0A384T8X1,1,96.64,86.957,0.17095033593798878
974,A0A384TNL4,A0A384TSN9,1,99.717,98.8,0.17095033593798878
977,A0A384TNL4,A0A384TUN2,1,99.717,96.273,0.17095033593798878
981,A0A384TNL4,A0A384SYQ6,1,99.717,90.164,0.17095033593798878
984,A0A384TNL4,A0A384SYR6,1,99.717,100.0,0.17095033593798878
985,A0A384TNL4,A0A384SYS7,1,99.717,96.774,0.17095033593798878
986,A0A384TNL4,A0A384SYT2,1,99.717,100.0,0.17095033593798878
988,A0A384TNL4,A0A384SYT5,1,99.717,98.63,0.17095033593798878
992,A0A384TNL4,A0A384SZB9,1,99.717,98.387,0.17095033593798878
998,A0A384TNL4,A0A384TAF1,1,99.717,100.0,0.17095033593798878
1000,A0A384TNL4,A0A384TAH8,1,99.717,91.176,0.17095033593798878
1001,A0A384TNL4,A0A384TNN5,1,99.717,100.0,0.17095033593798878
1002,A0A384TNL4,A0A384TNP5,1,99.717,99.409,0.17095033593798878
1005,A0A384TNL4,A0A384TQ84,1,99.717,100.0,0.17095033593798878
1006,A0A384TNL4,A0A384TQ90,1,99.717,100.0,0.17095033593798878
1007,A0A384TNL4,A0A384TQA4,1,99.717,95.0,0.17095033593798878
1010,A0A384TNL4,A0A384TSP9,1,99.717,91.892,0.17095033593798878
1011,A0A384TNL4,A0A384TSQ6,1,99.717,97.727,0.17095033593798878
1012,A0A384TNL4,A0A384TSR3,1,99.717,100.0,0.17095033593798878
1020,A0A384TNM2,A0A384TNR4,1,98.333,82.172,0.17095033593798878
1021,A0A384TNM2,A0A384TQ98,1,98.333,96.0,0.17095033593798878
1023,A0A384TNM2,A0A384TQD4,1,98.333,93.54,0.17095033593798878
1026,A0A384TNM2,A0A384TSS8,1,98.333,98.02,0.17095033593798878
1028,A0A384TNM2,A0A384TUN2,1,98.333,96.273,0.17095033593798878
1032,A0A384TNM2,A0A384SYQ6,1,98.333,90.164,0.17095033593798878
1042,A0A384TNM2,A0A384SYV1,1,98.333,90.4,0.17095033593798878
1047,A0A384TNM2,A0A384T8Z5,1,98.333,91.477,0.17095033593798878
1051,A0A384TNM2,A0A384TAH8,1,98.333,91.176,0.17095033593798878
1061,A0A384TNM2,A0A384TSP9,1,98.333,91.892,0.17095033593798878
1071,A0A384TNR4,A0A384TQ98,1,82.172,96.0,0.17095033593798878
1073,A0A384TNR4,A0A384TQD4,1,82.172,93.54,0.17095033593798878
1076,A0A384TNR4,A0A384TSS8,1,82.172,98.02,0.17095033593798878
1078,A0A384TNR4,A0A384TUN2,1,82.172,96.273,0.17095033593798878
1086,A0A384TNR4,A0A384SYS7,1,82.172,96.774,0.17095033593798878
1092,A0A384TNR4,A0A384SYV1,1,82.172,90.4,0.17095033593798878
1097,A0A384TNR4,A0A384T8Z5,1,82.172,91.477,0.17095033593798878
1101,A0A384TNR4,A0A384TAH8,1,82.172,91.176,0.17095033593798878
1111,A0A384TNR4,A0A384TSP9,1,82.172,91.892,0.17095033593798878
1122,A0A384TQ98,A0A384TQD4,1,96.0,93.54,0.17095033593798878
1123,A0A384TQ98,A0A384TSN1,1,96.0,93.709,0.17095033593798878
1125,A0A384TQ98,A0A384TSS8,1,96.0,98.02,0.17095033593798878
1126,A0A384TQ98,A0A384TUJ0,1,96.0,89.965,0.17095033593798878
1127,A0A384TQ98,A0A384TUN2,1,96.0,96.273,0.17095033593798878
1132,A0A384TQ98,A0A384SYQ8,1,96.0,95.0,0.17095033593798878
1141,A0A384TQ98,A0A384SYV1,1,96.0,90.4,0.17095033593798878
1146,A0A384TQ98,A0A384T8Z5,1,96.0,91.477,0.17095033593798878
1150,A0A384TQ98,A0A384TAH8,1,96.0,91.176,0.17095033593798878
1160,A0A384TQ98,A0A384TSP9,1,96.0,91.892,0.17095033593798878
1192,A0A384TQA9,A0A384T8X1,1,93.878,86.957,0.17095033593798878
1218,A0A384TQD4,A0A384TSN1,1,93.54,93.709,0.17095033593798878
1220,A0A384TQD4,A0A384TSS8,1,93.54,98.02,0.17095033593798878
1222,A0A384TQD4,A0A384TUN2,1,93.54,96.273,0.17095033593798878
1233,A0A384TQD4,A0A384SYT5,1,93.54,98.63,0.17095033593798878
1236,A0A384TQD4,A0A384SYV1,1,93.54,90.4,0.17095033593798878
1241,A0A384TQD4,A0A384T8Z5,1,93.54,91.477,0.17095033593798878
1245,A0A384TQD4,A0A384TAH8,1,93.54,91.176,0.17095033593798878
1255,A0A384TQD4,A0A384TSP9,1,93.54,91.892,0.17095033593798878
1265,A0A384TSN1,A0A384TSN9,1,93.709,98.8,0.17095033593798878
1266,A0A384TSN1,A0A384TSS8,1,93.709,98.02,0.17095033593798878
1267,A0A384TSN1,A0A384TUJ0,1,93.709,89.965,0.17095033593798878
1268,A0A384TSN1,A0A384TUN2,1,93.709,96.273,0.17095033593798878
1270,A0A384TSN1,A0A384SYP7,1,93.709,94.565,0.17095033593798878
1272,A0A384TSN1,A0A384SYQ6,1,93.709,90.164,0.17095033593798878
1273,A0A384TSN1,A0A384SYQ8,1,93.709,95.0,0.17095033593798878
1274,A0A384TSN1,A0A384SYR5,1,93.709,95.489,0.17095033593798878
1279,A0A384TSN1,A0A384SYT5,1,93.709,98.63,0.17095033593798878
1282,A0A384TSN1,A0A384SYV1,1,93.709,90.4,0.17095033593798878
1285,A0A384TSN1,A0A384T8X1,1,93.709,86.957,0.17095033593798878
1287,A0A384TSN1,A0A384T8Z5,1,93.709,91.477,0.17095033593798878
1288,A0A384TSN1,A0A384TAC9,1,93.709,95.339,0.17095033593798878
1290,A0A384TSN1,A0A384TAG3,1,93.709,93.478,0.17095033593798878
1291,A0A384TSN1,A0A384TAH8,1,93.709,91.176,0.17095033593798878
1294,A0A384TSN1,A0A384TNQ3,1,93.709,95.902,0.17095033593798878
1295,A0A384TSN1,A0A384TNS5,1,93.709,83.333,0.17095033593798878
1299,A0A384TSN1,A0A384TQC1,1,93.709,87.313,0.17095033593798878
1305,A0A384TSN1,A0A384TUI3,1,93.709,88.158,0.17095033593798878
1310,A0A384TSN1,B0B211,1,93.709,100.0,0.17095033593798878
1313,A0A384TSN9,A0A384TUN2,1,98.8,96.273,0.17095033593798878
1317,A0A384TSN9,A0A384SYQ6,1,98.8,90.164,0.17095033593798878
1320,A0A384TSN9,A0A384SYR6,1,98.8,100.0,0.17095033593798878
1323,A0A384TSN9,A0A384SYT4,1,98.8,97.756,0.17095033593798878
1324,A0A384TSN9,A0A384SYT5,1,98.8,98.63,0.17095033593798878
1338,A0A384TSN9,A0A384TNP5,1,98.8,99.409,0.17095033593798878
1341,A0A384TSN9,A0A384TQ84,1,98.8,100.0,0.17095033593798878
1344,A0A384TSN9,A0A384TQC1,1,98.8,87.313,0.17095033593798878
1346,A0A384TSN9,A0A384TSP9,1,98.8,91.892,0.17095033593798878
1347,A0A384TSN9,A0A384TSQ6,1,98.8,97.727,0.17095033593798878
1348,A0A384TSN9,A0A384TSR3,1,98.8,100.0,0.17095033593798878
1357,A0A384TSS8,A0A384TUN2,1,98.02,96.273,0.17095033593798878
1361,A0A384TSS8,A0A384SYQ6,1,98.02,90.164,0.17095033593798878
1364,A0A384TSS8,A0A384SYR6,1,98.02,100.0,0.17095033593798878
1365,A0A384TSS8,A0A384SYS7,1,98.02,96.774,0.17095033593798878
1368,A0A384TSS8,A0A384SYT5,1,98.02,98.63,0.17095033593798878
1371,A0A384TSS8,A0A384SYV1,1,98.02,90.4,0.17095033593798878
1372,A0A384TSS8,A0A384SZB9,1,98.02,98.387,0.17095033593798878
1376,A0A384TSS8,A0A384T8Z5,1,98.02,91.477,0.17095033593798878
1378,A0A384TSS8,A0A384TAF1,1,98.02,100.0,0.17095033593798878
1380,A0A384TSS8,A0A384TAH8,1,98.02,91.176,0.17095033593798878
1385,A0A384TSS8,A0A384TQ84,1,98.02,100.0,0.17095033593798878
1390,A0A384TSS8,A0A384TSP9,1,98.02,91.892,0.17095033593798878
1391,A0A384TSS8,A0A384TSQ6,1,98.02,97.727,0.17095033593798878
1400,A0A384TUJ0,A0A384TUN2,1,89.965,96.273,0.17095033593798878
1402,A0A384TUJ0,A0A384SYP7,1,89.965,94.565,0.17095033593798878
1405,A0A384TUJ0,A0A384SYQ8,1,89.965,95.0,0.17095033593798878
1406,A0A384TUJ0,A0A384SYR5,1,89.965,95.489,0.17095033593798878
1412,A0A384TUJ0,A0A384SYT8,1,89.965,97.458,0.17095033593798878
1420,A0A384TUJ0,A0A384TAC9,1,89.965,95.339,0.17095033593798878
1422,A0A384TUJ0,A0A384TAG3,1,89.965,93.478,0.17095033593798878
1423,A0A384TUJ0,A0A384TAH8,1,89.965,91.176,0.17095033593798878
1426,A0A384TUJ0,A0A384TNQ3,1,89.965,95.902,0.17095033593798878
1427,A0A384TUJ0,A0A384TNS5,1,89.965,83.333,0.17095033593798878
1431,A0A384TUJ0,A0A384TQC1,1,89.965,87.313,0.17095033593798878
1432,A0A384TUJ0,A0A384TQC5,1,89.965,98.065,0.17095033593798878
1440,A0A384TUJ0,A0A384TUL3,1,89.965,93.478,0.17095033593798878
1442,A0A384TUJ0,B0B211,1,89.965,100.0,0.17095033593798878
1446,A0A384TUN2,A0A384SYQ6,1,96.273,90.164,0.17095033593798878
1456,A0A384TUN2,A0A384SYV1,1,96.273,90.4,0.17095033593798878
1465,A0A384TUN2,A0A384TAH8,1,96.273,91.176,0.17095033593798878
1475,A0A384TUN2,A0A384TSP9,1,96.273,91.892,0.17095033593798878
1488,A0A384SYN5,A0A384SYQ8,1,97.248,95.0,0.17095033593798878
1495,A0A384SYN5,A0A384SYT8,1,97.248,97.458,0.17095033593798878
1499,A0A384SYN5,A0A384SZE7,1,97.248,84.579,0.17095033593798878
1501,A0A384SYN5,A0A384T8Y2,1,97.248,86.364,0.17095033593798878
1503,A0A384SYN5,A0A384TAC9,1,97.248,95.339,0.17095033593798878
1505,A0A384SYN5,A0A384TAG3,1,97.248,93.478,0.17095033593798878
1509,A0A384SYN5,A0A384TNQ3,1,97.248,95.902,0.17095033593798878
1510,A0A384SYN5,A0A384TNS5,1,97.248,83.333,0.17095033593798878
1514,A0A384SYN5,A0A384TQC1,1,97.248,87.313,0.17095033593798878
1515,A0A384SYN5,A0A384TQC5,1,97.248,98.065,0.17095033593798878
1519,A0A384SYN5,A0A384TSS3,1,97.248,94.182,0.17095033593798878
1520,A0A384SYN5,A0A384TUI3,1,97.248,88.158,0.17095033593798878
1521,A0A384SYN5,A0A384TUJ6,1,97.248,89.552,0.17095033593798878
1522,A0A384SYN5,A0A384TUK6,1,97.248,94.118,0.17095033593798878
1523,A0A384SYN5,A0A384TUL3,1,97.248,93.478,0.17095033593798878
1524,A0A384SYN5,A0A384SYV0,1,97.248,94.0,0.17095033593798878
1526,A0A384SYP7,A0A384SYP9,1,94.565,95.547,0.17095033593798878
1527,A0A384SYP7,A0A384SYQ6,1,94.565,90.164,0.17095033593798878
1528,A0A384SYP7,A0A384SYQ8,1,94.565,95.0,0.17095033593798878
1529,A0A384SYP7,A0A384SYR5,1,94.565,95.489,0.17095033593798878
1530,A0A384SYP7,A0A384SYR6,1,94.565,100.0,0.17095033593798878
1534,A0A384SYP7,A0A384SYT5,1,94.565,98.63,0.17095033593798878
1538,A0A384SYP7,A0A384SZB9,1,94.565,98.387,0.17095033593798878
1540,A0A384SYP7,A0A384T8X1,1,94.565,86.957,0.17095033593798878
1542,A0A384SYP7,A0A384T8Z5,1,94.565,91.477,0.17095033593798878
1545,A0A384SYP7,A0A384TAG3,1,94.565,93.478,0.17095033593798878
1549,A0A384SYP7,A0A384TNQ3,1,94.565,95.902,0.17095033593798878
1552,A0A384SYP7,A0A384TQ90,1,94.565,100.0,0.17095033593798878
1553,A0A384SYP7,A0A384TQA4,1,94.565,95.0,0.17095033593798878
1565,A0A384SYP7,B0B211,1,94.565,100.0,0.17095033593798878
1566,A0A384SYP9,A0A384SYQ6,1,95.547,90.164,0.17095033593798878
1567,A0A384SYP9,A0A384SYQ8,1,95.547,95.0,0.17095033593798878
1568,A0A384SYP9,A0A384SYR5,1,95.547,95.489,0.17095033593798878
1569,A0A384SYP9,A0A384SYR6,1,95.547,100.0,0.17095033593798878
1579,A0A384SYP9,A0A384T8X1,1,95.547,86.957,0.17095033593798878
1581,A0A384SYP9,A0A384T8Z5,1,95.547,91.477,0.17095033593798878
1584,A0A384SYP9,A0A384TAG3,1,95.547,93.478,0.17095033593798878
1585,A0A384SYP9,A0A384TAH8,1,95.547,91.176,0.17095033593798878
1604,A0A384SYP9,B0B211,1,95.547,100.0,0.17095033593798878
1606,A0A384SYQ6,A0A384SYR5,1,90.164,95.489,0.17095033593798878
1607,A0A384SYQ6,A0A384SYR6,1,90.164,100.0,0.17095033593798878
1609,A0A384SYQ6,A0A384SYT2,1,90.164,100.0,0.17095033593798878
1611,A0A384SYQ6,A0A384SYT5,1,90.164,98.63,0.17095033593798878
1615,A0A384SYQ6,A0A384SZB9,1,90.164,98.387,0.17095033593798878
1619,A0A384SYQ6,A0A384T8Z5,1,90.164,91.477,0.17095033593798878
1621,A0A384SYQ6,A0A384TAF1,1,90.164,100.0,0.17095033593798878
1624,A0A384SYQ6,A0A384TNN5,1,90.164,100.0,0.17095033593798878
1625,A0A384SYQ6,A0A384TNP5,1,90.164,99.409,0.17095033593798878
1628,A0A384SYQ6,A0A384TQ84,1,90.164,100.0,0.17095033593798878
1629,A0A384SYQ6,A0A384TQ90,1,90.164,100.0,0.17095033593798878
1630,A0A384SYQ6,A0A384TQA4,1,90.164,95.0,0.17095033593798878
1633,A0A384SYQ6,A0A384TSP9,1,90.164,91.892,0.17095033593798878
1634,A0A384SYQ6,A0A384TSQ6,1,90.164,97.727,0.17095033593798878
1635,A0A384SYQ6,A0A384TSR3,1,90.164,100.0,0.17095033593798878
1643,A0A384SYQ8,A0A384SYR5,1,95.0,95.489,0.17095033593798878
1649,A0A384SYQ8,A0A384SYT8,1,95.0,97.458,0.17095033593798878
1653,A0A384SYQ8,A0A384SZE7,1,95.0,84.579,0.17095033593798878
1655,A0A384SYQ8,A0A384T8Y2,1,95.0,86.364,0.17095033593798878
1656,A0A384SYQ8,A0A384T8Z5,1,95.0,91.477,0.17095033593798878
1657,A0A384SYQ8,A0A384TAC9,1,95.0,95.339,0.17095033593798878
1659,A0A384SYQ8,A0A384TAG3,1,95.0,93.478,0.17095033593798878
1660,A0A384SYQ8,A0A384TAH8,1,95.0,91.176,0.17095033593798878
1663,A0A384SYQ8,A0A384TNQ3,1,95.0,95.902,0.17095033593798878
1664,A0A384SYQ8,A0A384TNS5,1,95.0,83.333,0.17095033593798878
1668,A0A384SYQ8,A0A384TQC1,1,95.0,87.313,0.17095033593798878
1669,A0A384SYQ8,A0A384TQC5,1,95.0,98.065,0.17095033593798878
1674,A0A384SYQ8,A0A384TUI3,1,95.0,88.158,0.17095033593798878
1675,A0A384SYQ8,A0A384TUJ6,1,95.0,89.552,0.17095033593798878
1676,A0A384SYQ8,A0A384TUK6,1,95.0,94.118,0.17095033593798878
1679,A0A384SYQ8,B0B211,1,95.0,100.0,0.17095033593798878
1690,A0A384SYR5,A0A384T8X1,1,95.489,86.957,0.17095033593798878
1693,A0A384SYR5,A0A384TAC9,1,95.489,95.339,0.17095033593798878
1699,A0A384SYR5,A0A384TNQ3,1,95.489,95.902,0.17095033593798878
1704,A0A384SYR5,A0A384TQC1,1,95.489,87.313,0.17095033593798878
1710,A0A384SYR5,A0A384TUI3,1,95.489,88.158,0.17095033593798878
1715,A0A384SYR5,B0B211,1,95.489,100.0,0.17095033593798878
1716,A0A384SYR6,A0A384SYS7,1,100.0,96.774,0.17095033593798878
1717,A0A384SYR6,A0A384SYT2,1,100.0,100.0,0.17095033593798878
1718,A0A384SYR6,A0A384SYT4,1,100.0,97.756,0.17095033593798878
1719,A0A384SYR6,A0A384SYT5,1,100.0,98.63,0.17095033593798878
1722,A0A384SYR6,A0A384SYV1,1,100.0,90.4,0.17095033593798878
1723,A0A384SYR6,A0A384SZB9,1,100.0,98.387,0.17095033593798878
1725,A0A384SYR6,A0A384T8X1,1,100.0,86.957,0.17095033593798878
1727,A0A384SYR6,A0A384T8Z5,1,100.0,91.477,0.17095033593798878
1729,A0A384SYR6,A0A384TAF1,1,100.0,100.0,0.17095033593798878
1731,A0A384SYR6,A0A384TAH8,1,100.0,91.176,0.17095033593798878
1732,A0A384SYR6,A0A384TNN5,1,100.0,100.0,0.17095033593798878
1733,A0A384SYR6,A0A384TNP5,1,100.0,99.409,0.17095033593798878
1736,A0A384SYR6,A0A384TQ84,1,100.0,100.0,0.17095033593798878
1737,A0A384SYR6,A0A384TQ90,1,100.0,100.0,0.17095033593798878
1738,A0A384SYR6,A0A384TQA4,1,100.0,95.0,0.17095033593798878
1741,A0A384SYR6,A0A384TSP9,1,100.0,91.892,0.17095033593798878
1742,A0A384SYR6,A0A384TSQ6,1,100.0,97.727,0.17095033593798878
1743,A0A384SYR6,A0A384TSR3,1,100.0,100.0,0.17095033593798878
1756,A0A384SYS7,A0A384SYV1,1,96.774,90.4,0.17095033593798878
1763,A0A384SYS7,A0A384TAF1,1,96.774,100.0,0.17095033593798878
1775,A0A384SYS7,A0A384TSP9,1,96.774,91.892,0.17095033593798878
1776,A0A384SYS7,A0A384TSQ6,1,96.774,97.727,0.17095033593798878
1786,A0A384SYT2,A0A384SYT5,1,100.0,98.63,0.17095033593798878
1790,A0A384SYT2,A0A384SZB9,1,100.0,98.387,0.17095033593798878
1796,A0A384SYT2,A0A384TAF1,1,100.0,100.0,0.17095033593798878
1799,A0A384SYT2,A0A384TNN5,1,100.0,100.0,0.17095033593798878
1800,A0A384SYT2,A0A384TNP5,1,100.0,99.409,0.17095033593798878
1803,A0A384SYT2,A0A384TQ84,1,100.0,100.0,0.17095033593798878
1804,A0A384SYT2,A0A384TQ90,1,100.0,100.0,0.17095033593798878
1805,A0A384SYT2,A0A384TQA4,1,100.0,95.0,0.17095033593798878
1808,A0A384SYT2,A0A384TSP9,1,100.0,91.892,0.17095033593798878
1809,A0A384SYT2,A0A384TSQ6,1,100.0,97.727,0.17095033593798878
1810,A0A384SYT2,A0A384TSR3,1,100.0,100.0,0.17095033593798878
1818,A0A384SYT4,A0A384SYT5,1,97.756,98.63,0.17095033593798878
1821,A0A384SYT4,A0A384SYV1,1,97.756,90.4,0.17095033593798878
1822,A0A384SYT4,A0A384SZB9,1,97.756,98.387,0.17095033593798878
1826,A0A384SYT4,A0A384T8Z5,1,97.756,91.477,0.17095033593798878
1828,A0A384SYT4,A0A384TAF1,1,97.756,100.0,0.17095033593798878
1830,A0A384SYT4,A0A384TAH8,1,97.756,91.176,0.17095033593798878
1831,A0A384SYT4,A0A384TNN5,1,97.756,100.0,0.17095033593798878
1832,A0A384SYT4,A0A384TNP5,1,97.756,99.409,0.17095033593798878
1835,A0A384SYT4,A0A384TQ84,1,97.756,100.0,0.17095033593798878
1836,A0A384SYT4,A0A384TQ90,1,97.756,100.0,0.17095033593798878
1837,A0A384SYT4,A0A384TQA4,1,97.756,95.0,0.17095033593798878
1840,A0A384SYT4,A0A384TSP9,1,97.756,91.892,0.17095033593798878
1841,A0A384SYT4,A0A384TSQ6,1,97.756,97.727,0.17095033593798878
1842,A0A384SYT4,A0A384TSR3,1,97.756,100.0,0.17095033593798878
1852,A0A384SYT5,A0A384SYV1,1,98.63,90.4,0.17095033593798878
1853,A0A384SYT5,A0A384SZB9,1,98.63,98.387,0.17095033593798878
1857,A0A384SYT5,A0A384T8Z5,1,98.63,91.477,0.17095033593798878
1859,A0A384SYT5,A0A384TAF1,1,98.63,100.0,0.17095033593798878
1861,A0A384SYT5,A0A384TAH8,1,98.63,91.176,0.17095033593798878
1862,A0A384SYT5,A0A384TNN5,1,98.63,100.0,0.17095033593798878
1863,A0A384SYT5,A0A384TNP5,1,98.63,99.409,0.17095033593798878
1865,A0A384SYT5,A0A384TNS5,1,98.63,83.333,0.17095033593798878
1866,A0A384SYT5,A0A384TQ84,1,98.63,100.0,0.17095033593798878
1867,A0A384SYT5,A0A384TQ90,1,98.63,100.0,0.17095033593798878
1868,A0A384SYT5,A0A384TQA4,1,98.63,95.0,0.17095033593798878
1871,A0A384SYT5,A0A384TSP9,1,98.63,91.892,0.17095033593798878
1872,A0A384SYT5,A0A384TSQ6,1,98.63,97.727,0.17095033593798878
1873,A0A384SYT5,A0A384TSR3,1,98.63,100.0,0.17095033593798878
1884,A0A384SYT8,A0A384SZE7,1,97.458,84.579,0.17095033593798878
1886,A0A384SYT8,A0A384T8Y2,1,97.458,86.364,0.17095033593798878
1888,A0A384SYT8,A0A384TAC9,1,97.458,95.339,0.17095033593798878
1890,A0A384SYT8,A0A384TAG3,1,97.458,93.478,0.17095033593798878
1894,A0A384SYT8,A0A384TNQ3,1,97.458,95.902,0.17095033593798878
1895,A0A384SYT8,A0A384TNS5,1,97.458,83.333,0.17095033593798878
1899,A0A384SYT8,A0A384TQC1,1,97.458,87.313,0.17095033593798878
1900,A0A384SYT8,A0A384TQC5,1,97.458,98.065,0.17095033593798878
1904,A0A384SYT8,A0A384TSS3,1,97.458,94.182,0.17095033593798878
1905,A0A384SYT8,A0A384TUI3,1,97.458,88.158,0.17095033593798878
1906,A0A384SYT8,A0A384TUJ6,1,97.458,89.552,0.17095033593798878
1913,A0A384SYU4,A0A384SZE7,1,82.906,84.579,0.17095033593798878
1915,A0A384SYU4,A0A384T8Y2,1,82.906,86.364,0.17095033593798878
1917,A0A384SYU4,A0A384TAC9,1,82.906,95.339,0.17095033593798878
1924,A0A384SYU4,A0A384TNS5,1,82.906,83.333,0.17095033593798878
1929,A0A384SYU4,A0A384TQC5,1,82.906,98.065,0.17095033593798878
1933,A0A384SYU4,A0A384TSS3,1,82.906,94.182,0.17095033593798878
1934,A0A384SYU4,A0A384TUI3,1,82.906,88.158,0.17095033593798878
1935,A0A384SYU4,A0A384TUJ6,1,82.906,89.552,0.17095033593798878
1936,A0A384SYU4,A0A384TUK6,1,82.906,94.118,0.17095033593798878
1937,A0A384SYU4,A0A384TUL3,1,82.906,93.478,0.17095033593798878
1944,A0A384SYV1,A0A384T8Z5,1,90.4,91.477,0.17095033593798878
1948,A0A384SYV1,A0A384TAH8,1,90.4,91.176,0.17095033593798878
1958,A0A384SYV1,A0A384TSP9,1,90.4,91.892,0.17095033593798878
1959,A0A384SYV1,A0A384TSQ6,1,90.4,97.727,0.17095033593798878
1971,A0A384SZB9,A0A384T8Z5,1,98.387,91.477,0.17095033593798878
1973,A0A384SZB9,A0A384TAF1,1,98.387,100.0,0.17095033593798878
1976,A0A384SZB9,A0A384TNN5,1,98.387,100.0,0.17095033593798878
1977,A0A384SZB9,A0A384TNP5,1,98.387,99.409,0.17095033593798878
1980,A0A384SZB9,A0A384TQ84,1,98.387,100.0,0.17095033593798878
1981,A0A384SZB9,A0A384TQ90,1,98.387,100.0,0.17095033593798878
1982,A0A384SZB9,A0A384TQA4,1,98.387,95.0,0.17095033593798878
1985,A0A384SZB9,A0A384TSP9,1,98.387,91.892,0.17095033593798878
1986,A0A384SZB9,A0A384TSQ6,1,98.387,97.727,0.17095033593798878
1987,A0A384SZB9,A0A384TSR3,1,98.387,100.0,0.17095033593798878
1996,A0A384SZE7,A0A384T8Y2,1,84.579,86.364,0.17095033593798878
1998,A0A384SZE7,A0A384TAC9,1,84.579,95.339,0.17095033593798878
2009,A0A384SZE7,A0A384TQC1,1,84.579,87.313,0.17095033593798878
2010,A0A384SZE7,A0A384TQC5,1,84.579,98.065,0.17095033593798878
2014,A0A384SZE7,A0A384TSS3,1,84.579,94.182,0.17095033593798878
2015,A0A384SZE7,A0A384TUI3,1,84.579,88.158,0.17095033593798878
2016,A0A384SZE7,A0A384TUJ6,1,84.579,89.552,0.17095033593798878
2017,A0A384SZE7,A0A384TUK6,1,84.579,94.118,0.17095033593798878
2018,A0A384SZE7,A0A384TUL3,1,84.579,93.478,0.17095033593798878
2045,A0A384T8X1,B0B211,1,86.957,100.0,0.17095033593798878
2047,A0A384T8Y2,A0A384TAC9,1,86.364,95.339,0.17095033593798878
2049,A0A384T8Y2,A0A384TAG3,1,86.364,93.478,0.17095033593798878
2053,A0A384T8Y2,A0A384TNQ3,1,86.364,95.902,0.17095033593798878
2054,A0A384T8Y2,A0A384TNS5,1,86.364,83.333,0.17095033593798878
2058,A0A384T8Y2,A0A384TQC1,1,86.364,87.313,0.17095033593798878
2059,A0A384T8Y2,A0A384TQC5,1,86.364,98.065,0.17095033593798878
2063,A0A384T8Y2,A0A384TSS3,1,86.364,94.182,0.17095033593798878
2064,A0A384T8Y2,A0A384TUI3,1,86.364,88.158,0.17095033593798878
2065,A0A384T8Y2,A0A384TUJ6,1,86.364,89.552,0.17095033593798878
2067,A0A384T8Y2,A0A384TUL3,1,86.364,93.478,0.17095033593798878
2068,A0A384T8Y2,A0A384SYV0,1,86.364,94.0,0.17095033593798878
2083,A0A384T8Z5,A0A384TSP9,1,91.477,91.892,0.17095033593798878
2094,A0A384TAC9,A0A384TAG3,1,95.339,93.478,0.17095033593798878
2098,A0A384TAC9,A0A384TNQ3,1,95.339,95.902,0.17095033593798878
2099,A0A384TAC9,A0A384TNS5,1,95.339,83.333,0.17095033593798878
2103,A0A384TAC9,A0A384TQC1,1,95.339,87.313,0.17095033593798878
2104,A0A384TAC9,A0A384TQC5,1,95.339,98.065,0.17095033593798878
2108,A0A384TAC9,A0A384TSS3,1,95.339,94.182,0.17095033593798878
2109,A0A384TAC9,A0A384TUI3,1,95.339,88.158,0.17095033593798878
2110,A0A384TAC9,A0A384TUJ6,1,95.339,89.552,0.17095033593798878
2111,A0A384TAC9,A0A384TUK6,1,95.339,94.118,0.17095033593798878
2112,A0A384TAC9,A0A384TUL3,1,95.339,93.478,0.17095033593798878
2117,A0A384TAF1,A0A384TNN5,1,100.0,100.0,0.17095033593798878
2118,A0A384TAF1,A0A384TNP5,1,100.0,99.409,0.17095033593798878
2121,A0A384TAF1,A0A384TQ84,1,100.0,100.0,0.17095033593798878
2122,A0A384TAF1,A0A384TQ90,1,100.0,100.0,0.17095033593798878
2123,A0A384TAF1,A0A384TQA4,1,100.0,95.0,0.17095033593798878
2126,A0A384TAF1,A0A384TSP9,1,100.0,91.892,0.17095033593798878
2127,A0A384TAF1,A0A384TSQ6,1,100.0,97.727,0.17095033593798878
2128,A0A384TAF1,A0A384TSR3,1,100.0,100.0,0.17095033593798878
2136,A0A384TAG3,A0A384TAH8,1,93.478,91.176,0.17095033593798878
2139,A0A384TAG3,A0A384TNQ3,1,93.478,95.902,0.17095033593798878
2140,A0A384TAG3,A0A384TNS5,1,93.478,83.333,0.17095033593798878
2144,A0A384TAG3,A0A384TQC1,1,93.478,87.313,0.17095033593798878
2145,A0A384TAG3,A0A384TQC5,1,93.478,98.065,0.17095033593798878
2151,A0A384TAG3,A0A384TUJ6,1,93.478,89.552,0.17095033593798878
2152,A0A384TAG3,A0A384TUK6,1,93.478,94.118,0.17095033593798878
2153,A0A384TAG3,A0A384TUL3,1,93.478,93.478,0.17095033593798878
2155,A0A384TAG3,B0B211,1,93.478,100.0,0.17095033593798878
2157,A0A384TAH8,A0A384TNP5,1,91.176,99.409,0.17095033593798878
2159,A0A384TAH8,A0A384TNS5,1,91.176,83.333,0.17095033593798878
2162,A0A384TAH8,A0A384TQA4,1,91.176,95.0,0.17095033593798878
2163,A0A384TAH8,A0A384TQC1,1,91.176,87.313,0.17095033593798878
2165,A0A384TAH8,A0A384TSP9,1,91.176,91.892,0.17095033593798878
2166,A0A384TAH8,A0A384TSQ6,1,91.176,97.727,0.17095033593798878
2167,A0A384TAH8,A0A384TSR3,1,91.176,100.0,0.17095033593798878
2169,A0A384TAH8,A0A384TUI3,1,91.176,88.158,0.17095033593798878
2171,A0A384TAH8,A0A384TUK6,1,91.176,94.118,0.17095033593798878
2174,A0A384TAH8,B0B211,1,91.176,100.0,0.17095033593798878
2175,A0A384TNN5,A0A384TNP5,1,100.0,99.409,0.17095033593798878
2178,A0A384TNN5,A0A384TQ84,1,100.0,100.0,0.17095033593798878
2179,A0A384TNN5,A0A384TQ90,1,100.0,100.0,0.17095033593798878
2180,A0A384TNN5,A0A384TQA4,1,100.0,95.0,0.17095033593798878
2183,A0A384TNN5,A0A384TSP9,1,100.0,91.892,0.17095033593798878
2184,A0A384TNN5,A0A384TSQ6,1,100.0,97.727,0.17095033593798878
2185,A0A384TNN5,A0A384TSR3,1,100.0,100.0,0.17095033593798878
2195,A0A384TNP5,A0A384TQ84,1,99.409,100.0,0.17095033593798878
2196,A0A384TNP5,A0A384TQ90,1,99.409,100.0,0.17095033593798878
2197,A0A384TNP5,A0A384TQA4,1,99.409,95.0,0.17095033593798878
2200,A0A384TNP5,A0A384TSP9,1,99.409,91.892,0.17095033593798878
2201,A0A384TNP5,A0A384TSQ6,1,99.409,97.727,0.17095033593798878
2202,A0A384TNP5,A0A384TSR3,1,99.409,100.0,0.17095033593798878
2210,A0A384TNQ3,A0A384TNS5,1,95.902,83.333,0.17095033593798878
2214,A0A384TNQ3,A0A384TQC1,1,95.902,87.313,0.17095033593798878
2215,A0A384TNQ3,A0A384TQC5,1,95.902,98.065,0.17095033593798878
2219,A0A384TNQ3,A0A384TSS3,1,95.902,94.182,0.17095033593798878
2221,A0A384TNQ3,A0A384TUJ6,1,95.902,89.552,0.17095033593798878
2222,A0A384TNQ3,A0A384TUK6,1,95.902,94.118,0.17095033593798878
2223,A0A384TNQ3,A0A384TUL3,1,95.902,93.478,0.17095033593798878
2229,A0A384TNS5,A0A384TQC1,1,83.333,87.313,0.17095033593798878
2230,A0A384TNS5,A0A384TQC5,1,83.333,98.065,0.17095033593798878
2235,A0A384TNS5,A0A384TUI3,1,83.333,88.158,0.17095033593798878
2237,A0A384TNS5,A0A384TUK6,1,83.333,94.118,0.17095033593798878
2238,A0A384TNS5,A0A384TUL3,1,83.333,93.478,0.17095033593798878
2241,A0A384TQ84,A0A384TQ90,1,100.0,100.0,0.17095033593798878
2242,A0A384TQ84,A0A384TQA4,1,100.0,95.0,0.17095033593798878
2245,A0A384TQ84,A0A384TSP9,1,100.0,91.892,0.17095033593798878
2246,A0A384TQ84,A0A384TSQ6,1,100.0,97.727,0.17095033593798878
2247,A0A384TQ84,A0A384TSR3,1,100.0,100.0,0.17095033593798878
2255,A0A384TQ90,A0A384TQA4,1,100.0,95.0,0.17095033593798878
2258,A0A384TQ90,A0A384TSP9,1,100.0,91.892,0.17095033593798878
2259,A0A384TQ90,A0A384TSQ6,1,100.0,97.727,0.17095033593798878
2260,A0A384TQ90,A0A384TSR3,1,100.0,100.0,0.17095033593798878
2270,A0A384TQA4,A0A384TSP9,1,95.0,91.892,0.17095033593798878
2271,A0A384TQA4,A0A384TSQ6,1,95.0,97.727,0.17095033593798878
2272,A0A384TQA4,A0A384TSR3,1,95.0,100.0,0.17095033593798878
2280,A0A384TQC1,A0A384TQC5,1,87.313,98.065,0.17095033593798878
2284,A0A384TQC1,A0A384TSS3,1,87.313,94.182,0.17095033593798878
2285,A0A384TQC1,A0A384TUI3,1,87.313,88.158,0.17095033593798878
2286,A0A384TQC1,A0A384TUJ6,1,87.313,89.552,0.17095033593798878
2287,A0A384TQC1,A0A384TUK6,1,87.313,94.118,0.17095033593798878
2288,A0A384TQC1,A0A384TUL3,1,87.313,93.478,0.17095033593798878
2289,A0A384TQC1,A0A384SYV0,1,87.313,94.0,0.17095033593798878
2294,A0A384TQC5,A0A384TSS3,1,98.065,94.182,0.17095033593798878
2295,A0A384TQC5,A0A384TUI3,1,98.065,88.158,0.17095033593798878
2296,A0A384TQC5,A0A384TUJ6,1,98.065,89.552,0.17095033593798878
2297,A0A384TQC5,A0A384TUK6,1,98.065,94.118,0.17095033593798878
2298,A0A384TQC5,A0A384TUL3,1,98.065,93.478,0.17095033593798878
2301,A0A384TSP9,A0A384TSQ6,1,91.892,97.727,0.17095033593798878
2302,A0A384TSP9,A0A384TSR3,1,91.892,100.0,0.17095033593798878
2310,A0A384TSQ6,A0A384TSR3,1,97.727,100.0,0.17095033593798878
2325,A0A384TSS3,A0A384TUI3,1,94.182,88.158,0.17095033593798878
2326,A0A384TSS3,A0A384TUJ6,1,94.182,89.552,0.17095033593798878
2328,A0A384TSS3,A0A384TUL3,1,94.182,93.478,0.17095033593798878
2331,A0A384TUI3,A0A384TUJ6,1,88.158,89.552,0.17095033593798878
2332,A0A384TUI3,A0A384TUK6,1,88.158,94.118,0.17095033593798878
2333,A0A384TUI3,A0A384TUL3,1,88.158,93.478,0.17095033593798878
2337,A0A384TUJ6,A0A384TUL3,1,89.552,93.478,0.17095033593798878
2340,A0A384TUK6,A0A384TUL3,1,94.118,93.478,0.17095033593798878
2341,A0A384TUK6,A0A384SYV0,1,94.118,94.0,0.17095033593798878
2346,A0A384TSM3,A0A384TAE2,1,99.433,79.574,0.17095033593798878
2349,A0A384TSM3,A0A384SYV7,1,99.433,79.167,0.17095033593798878
2350,A0A384TSM3,A0A384SZD9,1,99.433,42.105,0.17095033593798878
2357,A0A384SYQ7,A0A384SYV7,1,99.789,79.167,0.17095033593798878
2358,A0A384SYQ7,A0A384SZD9,1,99.789,42.105,0.17095033593798878
2373,A0A384SYS1,A0A384SYV7,1,100.0,79.167,0.17095033593798878
2374,A0A384SYS1,A0A384SZD9,1,100.0,42.105,0.17095033593798878
2375,A0A384SYS1,A0A384SZF4,1,100.0,71.875,0.17095033593798878
2381,A0A384SYS4,A0A384SYV7,1,96.835,79.167,0.17095033593798878
2382,A0A384SYS4,A0A384SZD9,1,96.835,42.105,0.17095033593798878
2384,A0A384SYS4,A0A384T8X7,1,96.835,41.667,0.17095033593798878
2386,A0A384SYW0,A0A384TAE2,1,97.647,79.574,0.17095033593798878
2389,A0A384SYW0,A0A384SYV7,1,97.647,79.167,0.17095033593798878
2394,A0A384SYX1,A0A384TAE2,1,92.877,79.574,0.17095033593798878
2397,A0A384SYX1,A0A384SYV7,1,92.877,79.167,0.17095033593798878
2402,A0A384SZB3,A0A384TAE2,1,100.0,79.574,0.17095033593798878
2421,A0A384SZD5,A0A384SYV7,1,100.0,79.167,0.17095033593798878
2422,A0A384SZD5,A0A384SZD9,1,100.0,42.105,0.17095033593798878
2423,A0A384SZD5,A0A384SZF4,1,100.0,71.875,0.17095033593798878
2426,A0A384T8W6,A0A384TAE2,1,95.161,79.574,0.17095033593798878
2427,A0A384T8W6,A0A384SYU5,1,95.161,77.391,0.17095033593798878
2429,A0A384T8W6,A0A384SYV7,1,95.161,79.167,0.17095033593798878
2432,A0A384T8W6,A0A384T8X7,1,95.161,41.667,0.17095033593798878
2445,A0A384TAD6,A0A384SYV7,1,98.638,79.167,0.17095033593798878
2451,A0A384TAE2,A0A384TAG8,1,79.574,100.0,0.17095033593798878
2454,A0A384TAE2,A0A384TNM2,1,79.574,98.333,0.17095033593798878
2455,A0A384TAE2,A0A384TNR4,1,79.574,82.172,0.17095033593798878
2456,A0A384TAE2,A0A384TQ98,1,79.574,96.0,0.17095033593798878
2458,A0A384TAE2,A0A384TQD4,1,79.574,93.54,0.17095033593798878
2459,A0A384TAE2,A0A384TSN1,1,79.574,93.709,0.17095033593798878
2461,A0A384TAE2,A0A384TSS8,1,79.574,98.02,0.17095033593798878
2463,A0A384TAE2,A0A384TUN2,1,79.574,96.273,0.17095033593798878
2465,A0A384TAE2,A0A384SYP7,1,79.574,94.565,0.17095033593798878
2467,A0A384TAE2,A0A384SYQ6,1,79.574,90.164,0.17095033593798878
2469,A0A384TAE2,A0A384SYR5,1,79.574,95.489,0.17095033593798878
2477,A0A384TAE2,A0A384SYV1,1,79.574,90.4,0.17095033593798878
2480,A0A384TAE2,A0A384T8X1,1,79.574,86.957,0.17095033593798878
2482,A0A384TAE2,A0A384T8Z5,1,79.574,91.477,0.17095033593798878
2486,A0A384TAE2,A0A384TAH8,1,79.574,91.176,0.17095033593798878
2496,A0A384TAE2,A0A384TSP9,1,79.574,91.892,0.17095033593798878
2505,A0A384TAE2,B0B211,1,79.574,100.0,0.17095033593798878
2509,A0A384TAF7,A0A384SZD9,1,99.07,42.105,0.17095033593798878
2515,A0A384TAG8,A0A384SYV7,1,100.0,79.167,0.17095033593798878
2517,A0A384TAG8,A0A384SZF4,1,100.0,71.875,0.17095033593798878
2518,A0A384TAG8,A0A384T8X7,1,100.0,41.667,0.17095033593798878
2529,A0A384TNL4,A0A384SYV7,1,99.717,79.167,0.17095033593798878
2530,A0A384TNL4,A0A384SZD9,1,99.717,42.105,0.17095033593798878
2536,A0A384TNM2,A0A384SYV7,1,98.333,79.167,0.17095033593798878
2543,A0A384TNR4,A0A384SYV7,1,82.172,79.167,0.17095033593798878
2550,A0A384TQ98,A0A384SYV7,1,96.0,79.167,0.17095033593798878
2553,A0A384TQ98,A0A384T8X7,1,96.0,41.667,0.17095033593798878
2564,A0A384TQD4,A0A384SYV7,1,93.54,79.167,0.17095033593798878
2569,A0A384TSN1,A0A384SYU5,1,93.709,77.391,0.17095033593798878
2571,A0A384TSN1,A0A384SYV7,1,93.709,79.167,0.17095033593798878
2574,A0A384TSN1,A0A384T8X7,1,93.709,41.667,0.17095033593798878
2575,A0A384TSN1,A0A8K1Y357,1,93.709,52.206,0.17095033593798878
2578,A0A384TSN9,A0A384SYV7,1,98.8,79.167,0.17095033593798878
2585,A0A384TSS8,A0A384SYV7,1,98.02,79.167,0.17095033593798878
2586,A0A384TSS8,A0A384SZD9,1,98.02,42.105,0.17095033593798878
2588,A0A384TSS8,A0A384T8X7,1,98.02,41.667,0.17095033593798878
2590,A0A384TUJ0,A0A384SYU5,1,89.965,77.391,0.17095033593798878
2592,A0A384TUJ0,A0A384SYV7,1,89.965,79.167,0.17095033593798878
2604,A0A384SYN5,A0A384SYU5,1,97.248,77.391,0.17095033593798878
2605,A0A384SYN5,A0A384SYV3,1,97.248,65.789,0.17095033593798878
2606,A0A384SYN5,A0A384SYV7,1,97.248,79.167,0.17095033593798878
2620,A0A384SYP9,A0A384SYV7,1,95.547,79.167,0.17095033593798878
2628,A0A384SYQ6,A0A384SZD9,1,90.164,42.105,0.17095033593798878
2632,A0A384SYQ8,A0A384SYU5,1,95.0,77.391,0.17095033593798878
2634,A0A384SYQ8,A0A384SYV7,1,95.0,79.167,0.17095033593798878
2648,A0A384SYR6,A0A384SYV7,1,100.0,79.167,0.17095033593798878
2649,A0A384SYR6,A0A384SZD9,1,100.0,42.105,0.17095033593798878
2650,A0A384SYR6,A0A384SZF4,1,100.0,71.875,0.17095033593798878
2663,A0A384SYT2,A0A384SZD9,1,100.0,42.105,0.17095033593798878
2670,A0A384SYT4,A0A384SZD9,1,97.756,42.105,0.17095033593798878
2671,A0A384SYT4,A0A384SZF4,1,97.756,71.875,0.17095033593798878
2672,A0A384SYT4,A0A384T8X7,1,97.756,41.667,0.17095033593798878
2676,A0A384SYT5,A0A384SYV7,1,98.63,79.167,0.17095033593798878
2677,A0A384SYT5,A0A384SZD9,1,98.63,42.105,0.17095033593798878
2678,A0A384SYT5,A0A384SZF4,1,98.63,71.875,0.17095033593798878
2681,A0A384SYT8,A0A384SYU5,1,97.458,77.391,0.17095033593798878
2682,A0A384SYT8,A0A384SYV3,1,97.458,65.789,0.17095033593798878
2688,A0A384SYU4,A0A384SYU5,1,82.906,77.391,0.17095033593798878
2689,A0A384SYU4,A0A384SYV3,1,82.906,65.789,0.17095033593798878
2697,A0A384SYU5,A0A384SZE7,1,77.391,84.579,0.17095033593798878
2699,A0A384SYU5,A0A384T8Y2,1,77.391,86.364,0.17095033593798878
2701,A0A384SYU5,A0A384TAC9,1,77.391,95.339,0.17095033593798878
2703,A0A384SYU5,A0A384TAG3,1,77.391,93.478,0.17095033593798878
2708,A0A384SYU5,A0A384TNS5,1,77.391,83.333,0.17095033593798878
2713,A0A384SYU5,A0A384TQC5,1,77.391,98.065,0.17095033593798878
2717,A0A384SYU5,A0A384TSS3,1,77.391,94.182,0.17095033593798878
2718,A0A384SYU5,A0A384TUI3,1,77.391,88.158,0.17095033593798878
2719,A0A384SYU5,A0A384TUJ6,1,77.391,89.552,0.17095033593798878
2720,A0A384SYU5,A0A384TUK6,1,77.391,94.118,0.17095033593798878
2721,A0A384SYU5,A0A384TUL3,1,77.391,93.478,0.17095033593798878
2725,A0A384SYV1,A0A384SYV7,1,90.4,79.167,0.17095033593798878
2731,A0A384SYV3,A0A384SZE7,1,65.789,84.579,0.17095033593798878
2733,A0A384SYV3,A0A384T8Y2,1,65.789,86.364,0.17095033593798878
2735,A0A384SYV3,A0A384TAC9,1,65.789,95.339,0.17095033593798878
2737,A0A384SYV3,A0A384TAG3,1,65.789,93.478,0.17095033593798878
2741,A0A384SYV3,A0A384TNQ3,1,65.789,95.902,0.17095033593798878
2742,A0A384SYV3,A0A384TNS5,1,65.789,83.333,0.17095033593798878
2746,A0A384SYV3,A0A384TQC1,1,65.789,87.313,0.17095033593798878
2747,A0A384SYV3,A0A384TQC5,1,65.789,98.065,0.17095033593798878
2751,A0A384SYV3,A0A384TSS3,1,65.789,94.182,0.17095033593798878
2752,A0A384SYV3,A0A384TUI3,1,65.789,88.158,0.17095033593798878
2753,A0A384SYV3,A0A384TUJ6,1,65.789,89.552,0.17095033593798878
2754,A0A384SYV3,A0A384TUK6,1,65.789,94.118,0.17095033593798878
2755,A0A384SYV3,A0A384TUL3,1,65.789,93.478,0.17095033593798878
2756,A0A384SYV3,A0A384SYV0,1,65.789,94.0,0.17095033593798878
2758,A0A384SYV7,A0A384SZB9,1,79.167,98.387,0.17095033593798878
2759,A0A384SYV7,A0A384SZE7,1,79.167,84.579,0.17095033593798878
2760,A0A384SYV7,A0A384T8X1,1,79.167,86.957,0.17095033593798878
2762,A0A384SYV7,A0A384T8Z5,1,79.167,91.477,0.17095033593798878
2763,A0A384SYV7,A0A384TAC9,1,79.167,95.339,0.17095033593798878
2765,A0A384SYV7,A0A384TAG3,1,79.167,93.478,0.17095033593798878
2766,A0A384SYV7,A0A384TAH8,1,79.167,91.176,0.17095033593798878
2767,A0A384SYV7,A0A384TNN5,1,79.167,100.0,0.17095033593798878
2768,A0A384SYV7,A0A384TNP5,1,79.167,99.409,0.17095033593798878
2769,A0A384SYV7,A0A384TNQ3,1,79.167,95.902,0.17095033593798878
2770,A0A384SYV7,A0A384TNS5,1,79.167,83.333,0.17095033593798878
2771,A0A384SYV7,A0A384TQ84,1,79.167,100.0,0.17095033593798878
2773,A0A384SYV7,A0A384TQA4,1,79.167,95.0,0.17095033593798878
2774,A0A384SYV7,A0A384TQC1,1,79.167,87.313,0.17095033593798878
2775,A0A384SYV7,A0A384TQC5,1,79.167,98.065,0.17095033593798878
2776,A0A384SYV7,A0A384TSP9,1,79.167,91.892,0.17095033593798878
2777,A0A384SYV7,A0A384TSQ6,1,79.167,97.727,0.17095033593798878
2778,A0A384SYV7,A0A384TSR3,1,79.167,100.0,0.17095033593798878
2780,A0A384SYV7,A0A384TUI3,1,79.167,88.158,0.17095033593798878
2781,A0A384SYV7,A0A384TUJ6,1,79.167,89.552,0.17095033593798878
2782,A0A384SYV7,A0A384TUK6,1,79.167,94.118,0.17095033593798878
2783,A0A384SYV7,A0A384TUL3,1,79.167,93.478,0.17095033593798878
2785,A0A384SYV7,B0B211,1,79.167,100.0,0.17095033593798878
2786,A0A384SZB9,A0A384SZD9,1,98.387,42.105,0.17095033593798878
2787,A0A384SZB9,A0A384SZF4,1,98.387,71.875,0.17095033593798878
2788,A0A384SZB9,A0A384T8X7,1,98.387,41.667,0.17095033593798878
2795,A0A384SZD9,A0A384TAF1,1,42.105,100.0,0.17095033593798878
2798,A0A384SZD9,A0A384TNN5,1,42.105,100.0,0.17095033593798878
2799,A0A384SZD9,A0A384TNP5,1,42.105,99.409,0.17095033593798878
2802,A0A384SZD9,A0A384TQ84,1,42.105,100.0,0.17095033593798878
2803,A0A384SZD9,A0A384TQ90,1,42.105,100.0,0.17095033593798878
2804,A0A384SZD9,A0A384TQA4,1,42.105,95.0,0.17095033593798878
2807,A0A384SZD9,A0A384TSP9,1,42.105,91.892,0.17095033593798878
2808,A0A384SZD9,A0A384TSQ6,1,42.105,97.727,0.17095033593798878
2809,A0A384SZD9,A0A384TSR3,1,42.105,100.0,0.17095033593798878
2822,A0A384SZF4,A0A384T8Z5,1,71.875,91.477,0.17095033593798878
2836,A0A384SZF4,A0A384TSP9,1,71.875,91.892,0.17095033593798878
2851,A0A384T8X7,A0A384TAF1,1,41.667,100.0,0.17095033593798878
2863,A0A384T8X7,A0A384TSP9,1,41.667,91.892,0.17095033593798878
2864,A0A384T8X7,A0A384TSQ6,1,41.667,97.727,0.17095033593798878
2897,A0A8K1Y357,B0B211,1,52.206,100.0,0.17095033593798878
2924,A0A384SYS4,A0A384TUK1,1,96.835,37.5,0.17095033593798878
2925,A0A384SYS4,A0A077HBN1,1,96.835,37.931,0.17095033593798878
2934,A0A384SYX1,A0A384T8W0,1,92.877,27.848,0.17095033593798878
2942,A0A384SZB3,A0A384TUK1,1,100.0,37.5,0.17095033593798878
2952,A0A384SZD5,A0A384T8W0,1,100.0,27.848,0.17095033593798878
2955,A0A384SZD5,A0A077HBN1,1,100.0,37.931,0.17095033593798878
2959,A0A384T8W6,A0A384TST5,1,95.161,32.143,0.17095033593798878
2965,A0A384T8Y8,A0A384TST5,1,86.28,32.143,0.17095033593798878
3000,A0A384TNM2,A0A384T8W0,1,98.333,27.848,0.17095033593798878
3014,A0A384TQ98,A0A384TUK1,1,96.0,37.5,0.17095033593798878
3020,A0A384TQA9,A0A384TUK1,1,93.878,37.5,0.17095033593798878
3031,A0A384TSN1,A0A384TST5,1,93.709,32.143,0.17095033593798878
3032,A0A384TSN1,A0A384TUK1,1,93.709,37.5,0.17095033593798878
3035,A0A384TSN1,F1LJR5,1,93.709,37.5,0.17095033593798878
3049,A0A384TUJ0,A0A384TST5,1,89.965,32.143,0.17095033593798878
3060,A0A384SYN5,A0A384T8W0,1,97.248,27.848,0.17095033593798878
3061,A0A384SYN5,A0A384TST5,1,97.248,32.143,0.17095033593798878
3063,A0A384SYN5,A0A077HBN1,1,97.248,37.931,0.17095033593798878
3064,A0A384SYN5,A0A8K1SYL6,1,97.248,36.667,0.17095033593798878
3068,A0A384SYP7,A0A384TUK1,1,94.565,37.5,0.17095033593798878
3085,A0A384SYQ8,A0A384TST5,1,95.0,32.143,0.17095033593798878
3098,A0A384SYR6,A0A384TUK1,1,100.0,37.5,0.17095033593798878
3115,A0A384SYT4,A0A384TST5,1,97.756,32.143,0.17095033593798878
3116,A0A384SYT4,A0A384TUK1,1,97.756,37.5,0.17095033593798878
3121,A0A384SYT5,A0A384TST5,1,98.63,32.143,0.17095033593798878
3122,A0A384SYT5,A0A384TUK1,1,98.63,37.5,0.17095033593798878
3127,A0A384SYT8,A0A384TST5,1,97.458,32.143,0.17095033593798878
3133,A0A384SYU4,A0A384TST5,1,82.906,32.143,0.17095033593798878
3146,A0A384SZB9,A0A384TUK1,1,98.387,37.5,0.17095033593798878
3151,A0A384SZE7,A0A384TST5,1,84.579,32.143,0.17095033593798878
3158,A0A384T8W0,A0A384T8Z5,1,27.848,91.477,0.17095033593798878
3159,A0A384T8W0,A0A384TAC9,1,27.848,95.339,0.17095033593798878
3162,A0A384T8W0,A0A384TAH8,1,27.848,91.176,0.17095033593798878
3166,A0A384T8W0,A0A384TNS5,1,27.848,83.333,0.17095033593798878
3170,A0A384T8W0,A0A384TQC1,1,27.848,87.313,0.17095033593798878
3172,A0A384T8W0,A0A384TSP9,1,27.848,91.892,0.17095033593798878
3176,A0A384T8W0,A0A384TUI3,1,27.848,88.158,0.17095033593798878
3187,A0A384T8Y2,A0A384TST5,1,86.364,32.143,0.17095033593798878
3189,A0A384T8Y2,A0A077HBN1,1,86.364,37.931,0.17095033593798878
3197,A0A384TAC9,A0A384TST5,1,95.339,32.143,0.17095033593798878
3201,A0A384TAC9,F1LJR5,1,95.339,37.5,0.17095033593798878
3207,A0A384TAG3,A0A384TST5,1,93.478,32.143,0.17095033593798878
3208,A0A384TAG3,A0A384TUK1,1,93.478,37.5,0.17095033593798878
3212,A0A384TAH8,A0A384TST5,1,91.176,32.143,0.17095033593798878
3213,A0A384TAH8,A0A384TUK1,1,91.176,37.5,0.17095033593798878
3214,A0A384TAH8,A0A077HBN1,1,91.176,37.931,0.17095033593798878
3224,A0A384TNP5,A0A077HBN1,1,99.409,37.931,0.17095033593798878
3227,A0A384TNQ3,A0A384TST5,1,95.902,32.143,0.17095033593798878
3232,A0A384TNS5,A0A384TST5,1,83.333,32.143,0.17095033593798878
3237,A0A384TQ84,A0A384TST5,1,100.0,32.143,0.17095033593798878
3247,A0A384TQA4,A0A384TST5,1,95.0,32.143,0.17095033593798878
3252,A0A384TQC1,A0A384TST5,1,87.313,32.143,0.17095033593798878
3254,A0A384TQC1,A0A077HBN1,1,87.313,37.931,0.17095033593798878
3255,A0A384TQC1,A0A8K1SYL6,1,87.313,36.667,0.17095033593798878
3257,A0A384TQC5,A0A384TST5,1,98.065,32.143,0.17095033593798878
3272,A0A384TSR3,A0A384TST5,1,100.0,32.143,0.17095033593798878
3282,A0A384TST5,A0A384TUI3,1,32.143,88.158,0.17095033593798878
3283,A0A384TST5,A0A384TUJ6,1,32.143,89.552,0.17095033593798878
3284,A0A384TST5,A0A384TUK6,1,32.143,94.118,0.17095033593798878
3285,A0A384TST5,A0A384TUL3,1,32.143,93.478,0.17095033593798878
3290,A0A384TUI3,A0A8K1SYL6,1,88.158,36.667,0.17095033593798878
3304,A0A384TUL3,A0A8K1SYL6,1,93.478,36.667,0.17095033593798878
3305,A0A384TUL3,F1LJR5,1,93.478,37.5,0.17095033593798878
3307,A0A077HBN1,B0B211,1,37.931,100.0,0.17095033593798878
3314,A0A384TAE2,A0A384SYV7,1,79.574,79.167,0.17095033593798878
3319,A0A384SYU5,A0A384SYV3,1,77.391,65.789,0.17095033593798878
3331,A0A384SYV7,A0A384SZF4,1,79.167,71.875,0.17095033593798878
3332,A0A384SYV7,A0A384T8X7,1,79.167,41.667,0.17095033593798878
3333,A0A384SYV7,A0A8K1Y357,1,79.167,52.206,0.17095033593798878
3337,A0A384SZF4,A0A384T8X7,1,71.875,41.667,0.17095033593798878
3345,A0A384TAE2,F1LJR5,1,79.574,37.5,0.17095033593798878
3347,A0A384SYU5,A0A384TST5,1,77.391,32.143,0.17095033593798878
3352,A0A384SYV3,A0A384T8W0,1,65.789,27.848,0.17095033593798878
3353,A0A384SYV3,A0A384TST5,1,65.789,32.143,0.17095033593798878
3355,A0A384SYV3,A0A077HBN1,1,65.789,37.931,0.17095033593798878
3356,A0A384SYV3,A0A8K1SYL6,1,65.789,36.667,0.17095033593798878
3358,A0A384SYV7,A0A384T8W0,1,79.167,27.848,0.17095033593798878
3359,A0A384SYV7,A0A384TST5,1,79.167,32.143,0.17095033593798878
3360,A0A384SYV7,A0A384TUK1,1,79.167,37.5,0.17095033593798878
3361,A0A384SYV7,A0A077HBN1,1,79.167,37.931,0.17095033593798878
3362,A0A384SYV7,A0A8K1SYL6,1,79.167,36.667,0.17095033593798878
3363,A0A384SYV7,F1LJR5,1,79.167,37.5,0.17095033593798878
3379,A0A384T8X7,A0A384TUK1,1,41.667,37.5,0.17095033593798878
3388,A0A384T8W0,A0A384TST5,1,27.848,32.143,0.17095033593798878
3390,A0A384T8W0,A0A077HBN1,1,27.848,37.931,0.17095033593798878
3391,A0A384T8W0,A0A8K1SYL6,1,27.848,36.667,0.17095033593798878
